municipio,uf,latitude,longitude,data,ano,mes,tipo_desastre,mortos,feridos,desabrigados,desalojados,pessoas_afetadas,casas_destruidas,chuva_acumulada_mm
Angra dos Reis,RJ,-23.0067,-44.3181,2010-03-03,2010,3,Deslizamento de terra,1,13,90,209,643,40,328.7
Angra dos Reis,RJ,-23.0067,-44.3181,2010-12-03,2010,12,Enxurrada,1,12,62,115,378,17,182.1
Angra dos Reis,RJ,-23.0067,-44.3181,2012-03-13,2012,3,Tempestade,2,14,95,161,579,30,296.8
Angra dos Reis,RJ,-23.0067,-44.3181,2014-01-04,2014,1,Alagamento,5,8,83,143,439,20,230.1
Angra dos Reis,RJ,-23.0067,-44.3181,2015-03-02,2015,3,Alagamento,0,3,33,52,194,9,101.1
Angra dos Reis,RJ,-23.0067,-44.3181,2015-11-26,2015,11,Enchente,1,5,46,116,327,14,168.0
Angra dos Reis,RJ,-23.0067,-44.3181,2016-01-23,2016,1,Deslizamento de terra,2,4,86,169,512,21,255.5
Angra dos Reis,RJ,-23.0067,-44.3181,2016-12-12,2016,12,Inundação brusca,1,4,30,34,131,8,68.6
Angra dos Reis,RJ,-23.0067,-44.3181,2017-01-26,2017,1,Deslizamento de terra,2,20,133,304,943,55,508.4
Angra dos Reis,RJ,-23.0067,-44.3181,2017-12-11,2017,12,Vendaval,0,6,42,83,273,18,138.2
Angra dos Reis,RJ,-23.0067,-44.3181,2018-02-27,2018,2,Enxurrada,0,2,20,46,139,13,74.4
Angra dos Reis,RJ,-23.0067,-44.3181,2018-12-05,2018,12,Enxurrada,1,5,35,70,200,7,110.9
Angra dos Reis,RJ,-23.0067,-44.3181,2018-12-08,2018,12,Deslizamento de terra,3,29,202,343,1128,48,595.6
Angra dos Reis,RJ,-23.0067,-44.3181,2019-12-05,2019,12,Alagamento,0,3,41,60,202,9,95.5
Angra dos Reis,RJ,-23.0067,-44.3181,2020-07-20,2020,7,Alagamento,0,6,53,113,362,16,177.3
Angra dos Reis,RJ,-23.0067,-44.3181,2021-01-21,2021,1,Inundação brusca,1,5,35,84,225,12,117.6
Angra dos Reis,RJ,-23.0067,-44.3181,2021-02-22,2021,2,Enxurrada,6,31,213,434,1381,72,738.0
Angra dos Reis,RJ,-23.0067,-44.3181,2021-03-06,2021,3,Inundação brusca,2,7,71,113,372,21,194.1
Angra dos Reis,RJ,-23.0067,-44.3181,2021-03-31,2021,3,Alagamento,2,10,69,103,362,27,200.8
Angra dos Reis,RJ,-23.0067,-44.3181,2022-01-28,2022,1,Inundação brusca,0,5,55,124,365,18,182.7
Angra dos Reis,RJ,-23.0067,-44.3181,2022-03-30,2022,3,Vendaval,1,4,17,36,99,9,62.9
Angra dos Reis,RJ,-23.0067,-44.3181,2022-11-19,2022,11,Alagamento,1,3,35,60,187,13,103.5
Angra dos Reis,RJ,-23.0067,-44.3181,2023-02-01,2023,2,Erosão costeira,0,5,21,61,179,8,101.6
Angra dos Reis,RJ,-23.0067,-44.3181,2023-11-26,2023,11,Tempestade,1,32,153,294,988,60,528.5
Angra dos Reis,RJ,-23.0067,-44.3181,2023-12-29,2023,12,Enxurrada,1,2,44,82,266,13,136.8
Angra dos Reis,RJ,-23.0067,-44.3181,2024-10-27,2024,10,Enchente,0,3,17,33,113,8,64.9
Angra dos Reis,RJ,-23.0067,-44.3181,2024-12-15,2024,12,Vendaval,3,10,56,118,357,24,192.8
Angra dos Reis,RJ,-23.0067,-44.3181,2025-03-08,2025,3,Granizo,1,7,73,121,395,24,206.4
Angra dos Reis,RJ,-23.0067,-44.3181,2025-12-12,2025,12,Tempestade,0,1,17,49,150,11,90.2
Belo Horizonte,MG,-19.9191,-43.9386,2011-02-11,2011,2,Enchente,2,15,91,217,665,43,342.2
Belo Horizonte,MG,-19.9191,-43.9386,2012-01-05,2012,1,Alagamento,0,4,23,55,172,6,78.6
Belo Horizonte,MG,-19.9191,-43.9386,2013-01-28,2013,1,Granizo,2,8,74,131,460,29,246.1
Belo Horizonte,MG,-19.9191,-43.9386,2014-01-25,2014,1,Deslizamento de terra,1,16,114,275,827,54,446.6
Belo Horizonte,MG,-19.9191,-43.9386,2014-12-24,2014,12,Deslizamento de terra,0,4,27,74,218,11,105.9
Belo Horizonte,MG,-19.9191,-43.9386,2015-02-27,2015,2,Vendaval,4,17,115,217,760,45,379.7
Belo Horizonte,MG,-19.9191,-43.9386,2015-03-01,2015,3,Deslizamento de terra,5,14,184,357,1064,54,548.9
Belo Horizonte,MG,-19.9191,-43.9386,2017-01-09,2017,1,Granizo,1,7,73,90,317,12,152.8
Belo Horizonte,MG,-19.9191,-43.9386,2017-11-17,2017,11,Granizo,1,5,27,46,166,9,76.0
Belo Horizonte,MG,-19.9191,-43.9386,2018-03-23,2018,3,Tempestade,1,27,142,268,918,47,488.1
Belo Horizonte,MG,-19.9191,-43.9386,2020-02-21,2020,2,Enxurrada,2,16,103,270,757,29,405.6
Belo Horizonte,MG,-19.9191,-43.9386,2020-04-20,2020,4,Erosão costeira,0,5,30,39,137,3,63.2
Belo Horizonte,MG,-19.9191,-43.9386,2022-01-21,2022,1,Inundação brusca,2,6,53,90,272,14,146.0
Belo Horizonte,MG,-19.9191,-43.9386,2022-02-19,2022,2,Deslizamento de terra,0,4,26,60,193,13,104.1
Belo Horizonte,MG,-19.9191,-43.9386,2022-02-28,2022,2,Vendaval,0,3,14,47,143,5,80.0
Belo Horizonte,MG,-19.9191,-43.9386,2022-11-18,2022,11,Deslizamento de terra,0,2,27,50,159,6,84.8
Belo Horizonte,MG,-19.9191,-43.9386,2022-12-08,2022,12,Inundação brusca,1,19,166,339,1001,43,506.4
Belo Horizonte,MG,-19.9191,-43.9386,2023-11-26,2023,11,Tempestade,0,6,26,32,124,2,71.8
Belo Horizonte,MG,-19.9191,-43.9386,2024-11-11,2024,11,Granizo,3,31,203,452,1346,67,695.0
Belo Horizonte,MG,-19.9191,-43.9386,2025-01-14,2025,1,Alagamento,1,18,108,199,615,35,337.5
Belo Horizonte,MG,-19.9191,-43.9386,2025-02-18,2025,2,Deslizamento de terra,0,11,81,150,528,21,288.2
Belo Horizonte,MG,-19.9191,-43.9386,2025-06-21,2025,6,Enxurrada,0,1,18,28,105,8,59.4
Belo Horizonte,MG,-19.9191,-43.9386,2025-12-21,2025,12,Alagamento,2,8,55,110,338,17,186.9
Belém,PA,-1.4558,-48.5044,2011-02-01,2011,2,Tempestade,2,18,134,235,770,49,408.5
Belém,PA,-1.4558,-48.5044,2011-02-15,2011,2,Deslizamento de terra,2,17,102,154,584,34,327.0
Belém,PA,-1.4558,-48.5044,2011-04-12,2011,4,Alagamento,2,12,88,164,517,35,283.2
Belém,PA,-1.4558,-48.5044,2012-01-17,2012,1,Deslizamento de terra,6,36,235,541,1617,82,829.9
Belém,PA,-1.4558,-48.5044,2012-03-13,2012,3,Vendaval,0,13,48,104,352,28,187.6
Belém,PA,-1.4558,-48.5044,2012-03-17,2012,3,Tempestade,1,4,33,81,253,11,147.9
Belém,PA,-1.4558,-48.5044,2013-02-19,2013,2,Erosão costeira,0,4,22,42,138,13,71.5
Belém,PA,-1.4558,-48.5044,2016-06-05,2016,6,Granizo,1,15,98,173,537,25,277.3
Belém,PA,-1.4558,-48.5044,2018-03-13,2018,3,Enchente,1,8,44,84,281,10,155.4
Belém,PA,-1.4558,-48.5044,2019-02-16,2019,2,Granizo,0,0,21,44,131,11,65.8
Belém,PA,-1.4558,-48.5044,2019-12-16,2019,12,Granizo,3,13,117,192,662,29,361.6
Belém,PA,-1.4558,-48.5044,2019-12-21,2019,12,Alagamento,2,4,39,62,221,14,123.4
Belém,PA,-1.4558,-48.5044,2020-01-26,2020,1,Tempestade,1,5,27,43,171,16,108.4
Belém,PA,-1.4558,-48.5044,2020-12-02,2020,12,Deslizamento de terra,3,11,59,112,340,21,179.4
Belém,PA,-1.4558,-48.5044,2020-12-10,2020,12,Enchente,1,10,55,102,316,10,171.9
Belém,PA,-1.4558,-48.5044,2021-03-01,2021,3,Inundação brusca,1,21,113,195,607,44,347.5
Belém,PA,-1.4558,-48.5044,2021-10-22,2021,10,Alagamento,1,1,20,45,134,3,66.9
Belém,PA,-1.4558,-48.5044,2022-02-09,2022,2,Enchente,4,41,256,487,1504,81,776.3
Belém,PA,-1.4558,-48.5044,2022-02-18,2022,2,Erosão costeira,2,14,81,166,503,24,264.9
Belém,PA,-1.4558,-48.5044,2023-03-04,2023,3,Vendaval,2,7,57,106,340,20,174.7
Belém,PA,-1.4558,-48.5044,2023-07-27,2023,7,Tempestade,2,2,33,72,215,9,117.7
Belém,PA,-1.4558,-48.5044,2025-02-17,2025,2,Inundação brusca,1,3,26,60,209,16,105.6
Belém,PA,-1.4558,-48.5044,2025-12-26,2025,12,Alagamento,2,7,34,91,268,19,145.0
Blumenau,SC,-26.9195,-49.0661,2011-11-03,2011,11,Granizo,1,4,17,33,100,6,54.2
Blumenau,SC,-26.9195,-49.0661,2012-02-01,2012,2,Enxurrada,1,8,65,117,368,25,197.7
Blumenau,SC,-26.9195,-49.0661,2013-01-19,2013,1,Alagamento,1,4,30,83,233,22,120.7
Blumenau,SC,-26.9195,-49.0661,2013-10-20,2013,10,Enxurrada,0,7,29,44,154,11,82.1
Blumenau,SC,-26.9195,-49.0661,2014-10-02,2014,10,Granizo,1,13,159,288,978,42,507.5
Blumenau,SC,-26.9195,-49.0661,2014-10-04,2014,10,Vendaval,1,7,39,65,229,9,107.2
Blumenau,SC,-26.9195,-49.0661,2015-07-20,2015,7,Tempestade,1,4,42,81,232,22,127.9
Blumenau,SC,-26.9195,-49.0661,2016-02-08,2016,2,Deslizamento de terra,0,4,37,71,234,12,117.0
Blumenau,SC,-26.9195,-49.0661,2016-10-25,2016,10,Alagamento,0,7,54,87,322,13,184.5
Blumenau,SC,-26.9195,-49.0661,2016-10-27,2016,10,Granizo,1,5,22,55,148,7,76.2
Blumenau,SC,-26.9195,-49.0661,2017-02-02,2017,2,Alagamento,3,8,33,73,226,12,117.8
Blumenau,SC,-26.9195,-49.0661,2018-01-21,2018,1,Erosão costeira,1,3,46,113,352,26,181.0
Blumenau,SC,-26.9195,-49.0661,2019-01-17,2019,1,Vendaval,1,8,48,128,381,21,187.5
Blumenau,SC,-26.9195,-49.0661,2019-02-05,2019,2,Erosão costeira,0,12,70,142,418,23,229.5
Blumenau,SC,-26.9195,-49.0661,2019-02-11,2019,2,Enchente,2,18,117,279,834,44,419.1
Blumenau,SC,-26.9195,-49.0661,2019-10-05,2019,10,Tempestade,0,4,22,75,201,9,100.4
Blumenau,SC,-26.9195,-49.0661,2019-12-09,2019,12,Enchente,2,1,21,36,125,8,79.2
Blumenau,SC,-26.9195,-49.0661,2020-10-23,2020,10,Alagamento,1,10,67,131,372,28,200.0
Blumenau,SC,-26.9195,-49.0661,2021-07-13,2021,7,Inundação brusca,4,8,44,81,260,6,138.5
Blumenau,SC,-26.9195,-49.0661,2021-10-04,2021,10,Inundação brusca,2,7,82,156,520,31,279.9
Blumenau,SC,-26.9195,-49.0661,2022-02-12,2022,2,Tempestade,1,12,74,106,409,19,220.6
Blumenau,SC,-26.9195,-49.0661,2022-12-07,2022,12,Vendaval,1,3,31,56,216,13,117.5
Blumenau,SC,-26.9195,-49.0661,2024-11-22,2024,11,Vendaval,2,10,93,196,586,32,298.6
Blumenau,SC,-26.9195,-49.0661,2025-10-12,2025,10,Granizo,2,3,38,69,204,10,94.1
Blumenau,SC,-26.9195,-49.0661,2025-11-21,2025,11,Alagamento,1,5,41,77,224,8,123.6
Boa Vista,RR,2.8414,-60.6922,2010-10-07,2010,10,Enchente,1,6,50,76,240,8,123.2
Boa Vista,RR,2.8414,-60.6922,2011-06-06,2011,6,Inundação brusca,1,4,23,38,121,8,62.6
Boa Vista,RR,2.8414,-60.6922,2011-06-17,2011,6,Erosão costeira,0,7,25,46,171,6,93.1
Boa Vista,RR,2.8414,-60.6922,2013-04-13,2013,4,Deslizamento de terra,1,8,80,140,447,23,217.2
Boa Vista,RR,2.8414,-60.6922,2014-03-12,2014,3,Enxurrada,0,6,46,55,237,10,126.0
Boa Vista,RR,2.8414,-60.6922,2014-05-02,2014,5,Deslizamento de terra,0,7,54,118,354,20,193.9
Boa Vista,RR,2.8414,-60.6922,2015-05-18,2015,5,Enchente,2,7,35,53,192,13,103.6
Boa Vista,RR,2.8414,-60.6922,2016-05-16,2016,5,Enchente,2,20,158,305,985,37,499.7
Boa Vista,RR,2.8414,-60.6922,2017-05-31,2017,5,Vendaval,3,6,44,91,301,7,158.0
Boa Vista,RR,2.8414,-60.6922,2018-04-13,2018,4,Deslizamento de terra,0,8,50,105,355,13,180.5
Boa Vista,RR,2.8414,-60.6922,2018-06-07,2018,6,Vendaval,0,1,54,75,293,18,141.1
Boa Vista,RR,2.8414,-60.6922,2019-04-27,2019,4,Vendaval,3,7,47,105,328,22,187.8
Boa Vista,RR,2.8414,-60.6922,2019-06-18,2019,6,Erosão costeira,1,19,105,228,718,38,363.9
Boa Vista,RR,2.8414,-60.6922,2019-08-23,2019,8,Inundação brusca,1,1,28,47,186,16,95.7
Boa Vista,RR,2.8414,-60.6922,2020-05-30,2020,5,Tempestade,2,3,49,101,305,19,156.9
Boa Vista,RR,2.8414,-60.6922,2020-07-15,2020,7,Inundação brusca,1,4,18,38,123,6,55.8
Boa Vista,RR,2.8414,-60.6922,2021-07-13,2021,7,Enxurrada,1,5,31,44,139,9,69.0
Boa Vista,RR,2.8414,-60.6922,2021-07-17,2021,7,Deslizamento de terra,1,13,114,213,636,45,330.0
Boa Vista,RR,2.8414,-60.6922,2023-04-23,2023,4,Inundação brusca,0,3,30,43,142,7,69.4
Boa Vista,RR,2.8414,-60.6922,2023-05-02,2023,5,Tempestade,2,5,45,79,245,15,148.2
Boa Vista,RR,2.8414,-60.6922,2023-05-19,2023,5,Granizo,0,16,109,246,756,54,411.5
Boa Vista,RR,2.8414,-60.6922,2024-05-10,2024,5,Deslizamento de terra,4,22,176,306,988,54,527.4
Boa Vista,RR,2.8414,-60.6922,2025-04-04,2025,4,Tempestade,1,3,44,100,292,14,151.0
Boa Vista,RR,2.8414,-60.6922,2025-04-18,2025,4,Vendaval,2,2,36,71,224,10,110.1
Boa Vista,RR,2.8414,-60.6922,2025-05-20,2025,5,Enchente,0,8,26,80,231,14,118.3
Boa Vista,RR,2.8414,-60.6922,2025-07-19,2025,7,Erosão costeira,2,12,153,303,942,60,493.1
Boa Vista,RR,2.8414,-60.6922,2025-07-29,2025,7,Enxurrada,1,6,107,220,693,31,354.6
Brasília,DF,-15.7801,-47.9292,2010-12-06,2010,12,Tempestade,1,11,59,115,377,22,209.7
Brasília,DF,-15.7801,-47.9292,2010-12-28,2010,12,Inundação brusca,0,2,29,56,190,13,110.9
Brasília,DF,-15.7801,-47.9292,2011-02-27,2011,2,Enchente,5,12,84,179,558,22,268.5
Brasília,DF,-15.7801,-47.9292,2012-01-26,2012,1,Inundação brusca,5,39,204,419,1368,84,708.7
Brasília,DF,-15.7801,-47.9292,2012-01-30,2012,1,Deslizamento de terra,1,3,35,56,179,9,91.0
Brasília,DF,-15.7801,-47.9292,2012-11-21,2012,11,Tempestade,2,10,107,187,583,25,286.1
Brasília,DF,-15.7801,-47.9292,2014-02-03,2014,2,Inundação brusca,3,9,59,150,453,23,218.1
Brasília,DF,-15.7801,-47.9292,2014-02-20,2014,2,Alagamento,1,9,35,84,253,12,130.3
Brasília,DF,-15.7801,-47.9292,2014-03-13,2014,3,Enchente,3,16,110,230,757,31,383.6
Brasília,DF,-15.7801,-47.9292,2015-01-23,2015,1,Granizo,0,2,26,44,148,7,79.8
Brasília,DF,-15.7801,-47.9292,2015-02-08,2015,2,Enchente,2,3,34,50,175,6,86.6
Brasília,DF,-15.7801,-47.9292,2015-03-25,2015,3,Inundação brusca,0,11,89,183,564,35,291.9
Brasília,DF,-15.7801,-47.9292,2015-12-07,2015,12,Inundação brusca,0,3,20,44,150,10,76.6
Brasília,DF,-15.7801,-47.9292,2016-01-09,2016,1,Enxurrada,0,7,56,95,316,14,168.3
Brasília,DF,-15.7801,-47.9292,2016-01-11,2016,1,Granizo,0,8,61,91,347,24,182.0
Brasília,DF,-15.7801,-47.9292,2016-03-05,2016,3,Erosão costeira,2,8,34,83,245,18,122.8
Brasília,DF,-15.7801,-47.9292,2016-03-31,2016,3,Enxurrada,1,6,63,105,351,13,180.3
Brasília,DF,-15.7801,-47.9292,2016-04-13,2016,4,Deslizamento de terra,0,5,45,101,285,8,138.6
Brasília,DF,-15.7801,-47.9292,2016-12-26,2016,12,Granizo,1,4,36,72,225,12,111.0
Brasília,DF,-15.7801,-47.9292,2017-02-21,2017,2,Tempestade,2,7,55,113,365,20,193.3
Brasília,DF,-15.7801,-47.9292,2017-12-13,2017,12,Alagamento,1,3,30,48,171,10,90.9
Brasília,DF,-15.7801,-47.9292,2018-02-23,2018,2,Enxurrada,3,21,151,299,903,48,467.4
Brasília,DF,-15.7801,-47.9292,2018-11-16,2018,11,Alagamento,1,17,105,219,748,48,389.1
Brasília,DF,-15.7801,-47.9292,2019-01-09,2019,1,Deslizamento de terra,1,11,62,132,418,23,216.2
Brasília,DF,-15.7801,-47.9292,2019-11-05,2019,11,Deslizamento de terra,2,6,59,118,412,17,206.8
Brasília,DF,-15.7801,-47.9292,2020-03-23,2020,3,Erosão costeira,2,7,39,94,281,17,157.7
Brasília,DF,-15.7801,-47.9292,2020-03-31,2020,3,Deslizamento de terra,3,11,92,171,575,32,329.1
Brasília,DF,-15.7801,-47.9292,2020-09-19,2020,9,Inundação brusca,1,4,26,60,177,7,87.6
Brasília,DF,-15.7801,-47.9292,2020-12-09,2020,12,Enchente,0,3,23,40,118,7,70.0
Brasília,DF,-15.7801,-47.9292,2020-12-30,2020,12,Enchente,4,14,88,177,533,25,290.3
Brasília,DF,-15.7801,-47.9292,2021-03-21,2021,3,Erosão costeira,0,3,23,41,144,10,72.5
Brasília,DF,-15.7801,-47.9292,2021-06-29,2021,6,Inundação brusca,0,10,51,107,307,28,164.7
Brasília,DF,-15.7801,-47.9292,2023-01-10,2023,1,Enchente,4,50,289,582,1816,82,952.6
Brasília,DF,-15.7801,-47.9292,2023-11-19,2023,11,Tempestade,3,7,53,130,427,25,242.2
Brasília,DF,-15.7801,-47.9292,2023-12-30,2023,12,Inundação brusca,1,7,54,107,325,17,171.3
Brasília,DF,-15.7801,-47.9292,2024-11-29,2024,11,Vendaval,2,8,67,122,429,21,213.8
Brasília,DF,-15.7801,-47.9292,2025-01-01,2025,1,Alagamento,0,12,104,173,553,28,277.8
Campo Grande,MS,-20.4697,-54.6201,2010-01-09,2010,1,Inundação brusca,0,5,47,96,309,12,162.9
Campo Grande,MS,-20.4697,-54.6201,2010-01-28,2010,1,Alagamento,1,13,97,177,611,33,350.8
Campo Grande,MS,-20.4697,-54.6201,2010-12-01,2010,12,Tempestade,0,6,28,57,228,13,110.8
Campo Grande,MS,-20.4697,-54.6201,2011-02-24,2011,2,Vendaval,0,11,63,111,372,18,208.0
Campo Grande,MS,-20.4697,-54.6201,2011-02-26,2011,2,Granizo,0,6,27,59,190,11,90.7
Campo Grande,MS,-20.4697,-54.6201,2012-02-14,2012,2,Erosão costeira,2,27,137,316,975,40,490.8
Campo Grande,MS,-20.4697,-54.6201,2012-11-10,2012,11,Inundação brusca,1,9,80,143,459,15,227.0
Campo Grande,MS,-20.4697,-54.6201,2013-06-10,2013,6,Erosão costeira,1,4,38,71,227,14,127.2
Campo Grande,MS,-20.4697,-54.6201,2014-11-09,2014,11,Deslizamento de terra,1,5,56,99,315,12,160.2
Campo Grande,MS,-20.4697,-54.6201,2015-01-04,2015,1,Alagamento,0,4,20,33,126,3,72.7
Campo Grande,MS,-20.4697,-54.6201,2015-11-21,2015,11,Alagamento,1,7,80,136,473,18,258.6
Campo Grande,MS,-20.4697,-54.6201,2015-12-09,2015,12,Deslizamento de terra,0,4,50,99,291,19,164.1
Campo Grande,MS,-20.4697,-54.6201,2016-10-16,2016,10,Granizo,1,9,50,73,271,14,138.2
Campo Grande,MS,-20.4697,-54.6201,2016-12-13,2016,12,Enxurrada,3,13,104,201,659,27,333.0
Campo Grande,MS,-20.4697,-54.6201,2016-12-17,2016,12,Inundação brusca,1,4,60,124,375,17,192.6
Campo Grande,MS,-20.4697,-54.6201,2016-12-24,2016,12,Alagamento,0,8,59,105,364,20,199.2
Campo Grande,MS,-20.4697,-54.6201,2017-07-08,2017,7,Alagamento,0,4,23,30,103,6,57.7
Campo Grande,MS,-20.4697,-54.6201,2017-11-29,2017,11,Enxurrada,1,17,113,254,776,26,390.6
Campo Grande,MS,-20.4697,-54.6201,2018-01-28,2018,1,Deslizamento de terra,4,9,64,118,366,19,189.3
Campo Grande,MS,-20.4697,-54.6201,2018-02-16,2018,2,Enxurrada,0,6,18,39,139,5,92.4
Campo Grande,MS,-20.4697,-54.6201,2019-03-24,2019,3,Alagamento,2,6,23,58,186,11,113.1
Campo Grande,MS,-20.4697,-54.6201,2021-01-16,2021,1,Deslizamento de terra,1,0,23,31,106,4,61.6
Campo Grande,MS,-20.4697,-54.6201,2022-11-06,2022,11,Enxurrada,1,4,44,80,262,8,131.3
Campo Grande,MS,-20.4697,-54.6201,2023-02-17,2023,2,Granizo,1,12,73,108,355,21,184.0
Campo Grande,MS,-20.4697,-54.6201,2023-12-08,2023,12,Deslizamento de terra,3,8,66,155,495,31,255.1
Campo Grande,MS,-20.4697,-54.6201,2023-12-24,2023,12,Inundação brusca,1,4,21,36,117,5,56.8
Campo Grande,MS,-20.4697,-54.6201,2025-02-02,2025,2,Alagamento,0,6,25,46,133,4,69.9
Cuiabá,MT,-15.6522,-56.1003,2010-02-02,2010,2,Tempestade,0,4,29,58,192,7,96.4
Cuiabá,MT,-15.6522,-56.1003,2012-12-23,2012,12,Erosão costeira,0,7,51,105,324,17,152.1
Cuiabá,MT,-15.6522,-56.1003,2013-03-08,2013,3,Alagamento,1,10,55,138,399,27,206.9
Cuiabá,MT,-15.6522,-56.1003,2014-03-06,2014,3,Inundação brusca,0,3,32,57,157,4,88.9
Cuiabá,MT,-15.6522,-56.1003,2014-03-20,2014,3,Enchente,0,5,31,56,179,13,96.3
Cuiabá,MT,-15.6522,-56.1003,2014-12-27,2014,12,Erosão costeira,1,9,57,130,413,28,243.7
Cuiabá,MT,-15.6522,-56.1003,2015-03-05,2015,3,Alagamento,4,8,51,154,455,20,245.6
Cuiabá,MT,-15.6522,-56.1003,2015-03-23,2015,3,Erosão costeira,1,11,66,128,404,25,222.3
Cuiabá,MT,-15.6522,-56.1003,2016-01-03,2016,1,Vendaval,1,7,54,96,308,14,154.7
Cuiabá,MT,-15.6522,-56.1003,2016-03-01,2016,3,Alagamento,2,13,51,126,387,16,202.0
Cuiabá,MT,-15.6522,-56.1003,2017-02-04,2017,2,Deslizamento de terra,0,12,73,141,504,26,270.7
Cuiabá,MT,-15.6522,-56.1003,2018-02-14,2018,2,Deslizamento de terra,0,7,77,164,499,29,273.9
Cuiabá,MT,-15.6522,-56.1003,2018-03-05,2018,3,Vendaval,4,24,141,287,862,47,436.6
Cuiabá,MT,-15.6522,-56.1003,2019-02-12,2019,2,Granizo,0,3,30,67,194,6,86.4
Cuiabá,MT,-15.6522,-56.1003,2019-02-24,2019,2,Vendaval,0,11,89,164,525,19,260.3
Cuiabá,MT,-15.6522,-56.1003,2019-06-28,2019,6,Vendaval,0,4,31,59,210,13,120.1
Cuiabá,MT,-15.6522,-56.1003,2019-12-02,2019,12,Erosão costeira,3,6,72,170,515,23,273.6
Cuiabá,MT,-15.6522,-56.1003,2019-12-31,2019,12,Enxurrada,1,4,46,88,290,12,139.5
Cuiabá,MT,-15.6522,-56.1003,2021-02-12,2021,2,Deslizamento de terra,0,24,153,270,881,52,449.4
Cuiabá,MT,-15.6522,-56.1003,2021-12-28,2021,12,Enxurrada,1,5,57,98,303,19,162.8
Cuiabá,MT,-15.6522,-56.1003,2022-01-07,2022,1,Vendaval,2,6,38,84,258,19,162.6
Cuiabá,MT,-15.6522,-56.1003,2022-02-24,2022,2,Granizo,0,5,62,124,365,14,183.6
Cuiabá,MT,-15.6522,-56.1003,2022-11-11,2022,11,Deslizamento de terra,3,4,75,142,489,28,240.7
Cuiabá,MT,-15.6522,-56.1003,2024-01-03,2024,1,Alagamento,5,19,124,279,821,48,451.4
Cuiabá,MT,-15.6522,-56.1003,2024-01-11,2024,1,Alagamento,1,1,38,73,251,16,132.7
Cuiabá,MT,-15.6522,-56.1003,2025-02-11,2025,2,Alagamento,0,9,53,102,353,19,168.4
Curitiba,PR,-25.4284,-49.2733,2010-02-13,2010,2,Inundação brusca,3,17,164,314,1020,37,520.1
Curitiba,PR,-25.4284,-49.2733,2011-02-14,2011,2,Erosão costeira,2,14,85,170,555,28,312.8
Curitiba,PR,-25.4284,-49.2733,2012-01-12,2012,1,Enchente,1,13,94,250,738,30,396.2
Curitiba,PR,-25.4284,-49.2733,2012-11-14,2012,11,Vendaval,7,16,153,334,1001,51,513.2
Curitiba,PR,-25.4284,-49.2733,2014-10-04,2014,10,Enchente,1,21,176,368,1131,48,643.1
Curitiba,PR,-25.4284,-49.2733,2015-04-11,2015,4,Tempestade,0,4,17,33,113,12,63.1
Curitiba,PR,-25.4284,-49.2733,2017-11-18,2017,11,Erosão costeira,2,6,76,143,452,28,242.8
Curitiba,PR,-25.4284,-49.2733,2017-12-22,2017,12,Alagamento,2,3,37,58,218,9,110.8
Curitiba,PR,-25.4284,-49.2733,2017-12-30,2017,12,Deslizamento de terra,3,23,152,302,937,51,493.7
Curitiba,PR,-25.4284,-49.2733,2020-12-16,2020,12,Erosão costeira,4,4,56,116,385,18,201.3
Curitiba,PR,-25.4284,-49.2733,2021-01-06,2021,1,Inundação brusca,0,3,25,55,149,13,81.1
Curitiba,PR,-25.4284,-49.2733,2021-08-19,2021,8,Deslizamento de terra,0,5,24,49,172,7,94.4
Curitiba,PR,-25.4284,-49.2733,2021-10-19,2021,10,Enxurrada,1,3,17,35,131,7,66.4
Curitiba,PR,-25.4284,-49.2733,2021-10-24,2021,10,Inundação brusca,2,13,65,127,449,21,236.3
Curitiba,PR,-25.4284,-49.2733,2023-02-09,2023,2,Enxurrada,3,9,95,177,586,20,307.7
Curitiba,PR,-25.4284,-49.2733,2024-10-24,2024,10,Deslizamento de terra,1,7,56,114,342,23,183.0
Curitiba,PR,-25.4284,-49.2733,2025-10-05,2025,10,Alagamento,1,4,42,94,281,12,144.4
Florianópolis,SC,-27.5954,-48.548,2010-02-16,2010,2,Enchente,1,8,60,131,404,21,219.1
Florianópolis,SC,-27.5954,-48.548,2010-12-15,2010,12,Vendaval,0,4,51,101,321,12,163.2
Florianópolis,SC,-27.5954,-48.548,2011-01-30,2011,1,Erosão costeira,0,7,19,46,144,12,61.6
Florianópolis,SC,-27.5954,-48.548,2011-12-11,2011,12,Erosão costeira,0,5,36,54,179,11,105.6
Florianópolis,SC,-27.5954,-48.548,2012-09-13,2012,9,Alagamento,0,2,25,55,161,5,85.3
Florianópolis,SC,-27.5954,-48.548,2013-02-13,2013,2,Vendaval,0,5,17,56,167,8,92.9
Florianópolis,SC,-27.5954,-48.548,2013-10-22,2013,10,Enxurrada,1,7,99,163,591,35,330.5
Florianópolis,SC,-27.5954,-48.548,2013-11-17,2013,11,Enchente,0,5,41,58,192,7,97.6
Florianópolis,SC,-27.5954,-48.548,2013-12-05,2013,12,Vendaval,5,19,88,225,705,41,412.8
Florianópolis,SC,-27.5954,-48.548,2014-02-21,2014,2,Enxurrada,4,8,110,239,718,43,385.5
Florianópolis,SC,-27.5954,-48.548,2014-10-13,2014,10,Vendaval,2,5,28,42,178,7,99.6
Florianópolis,SC,-27.5954,-48.548,2014-12-17,2014,12,Tempestade,1,7,54,95,348,11,183.8
Florianópolis,SC,-27.5954,-48.548,2015-04-04,2015,4,Erosão costeira,0,1,25,51,170,3,86.0
Florianópolis,SC,-27.5954,-48.548,2016-02-12,2016,2,Tempestade,0,2,16,39,126,4,62.7
Florianópolis,SC,-27.5954,-48.548,2016-05-26,2016,5,Vendaval,1,5,26,57,192,12,106.5
Florianópolis,SC,-27.5954,-48.548,2016-12-17,2016,12,Inundação brusca,0,7,34,90,252,14,136.1
Florianópolis,SC,-27.5954,-48.548,2017-11-09,2017,11,Erosão costeira,0,13,60,130,404,25,218.1
Florianópolis,SC,-27.5954,-48.548,2018-02-01,2018,2,Enchente,3,12,61,126,393,17,215.6
Florianópolis,SC,-27.5954,-48.548,2018-10-02,2018,10,Alagamento,1,8,89,169,563,27,260.7
Florianópolis,SC,-27.5954,-48.548,2018-11-09,2018,11,Tempestade,1,18,101,246,754,41,386.3
Florianópolis,SC,-27.5954,-48.548,2018-11-29,2018,11,Alagamento,1,13,94,191,599,26,321.5
Florianópolis,SC,-27.5954,-48.548,2019-11-04,2019,11,Enxurrada,0,6,88,130,446,17,215.7
Florianópolis,SC,-27.5954,-48.548,2019-11-27,2019,11,Inundação brusca,1,3,24,48,118,5,59.2
Florianópolis,SC,-27.5954,-48.548,2020-02-17,2020,2,Enxurrada,0,2,16,36,107,3,52.0
Florianópolis,SC,-27.5954,-48.548,2021-01-10,2021,1,Granizo,1,7,69,125,401,22,197.8
Florianópolis,SC,-27.5954,-48.548,2022-02-06,2022,2,Enxurrada,3,9,42,95,256,14,139.3
Florianópolis,SC,-27.5954,-48.548,2022-11-16,2022,11,Enxurrada,0,5,32,47,164,6,86.2
Florianópolis,SC,-27.5954,-48.548,2023-01-04,2023,1,Erosão costeira,0,3,54,107,370,16,196.0
Florianópolis,SC,-27.5954,-48.548,2023-01-14,2023,1,Inundação brusca,1,14,95,176,531,28,287.7
Florianópolis,SC,-27.5954,-48.548,2023-11-22,2023,11,Inundação brusca,1,6,34,59,194,3,101.9
Florianópolis,SC,-27.5954,-48.548,2023-11-23,2023,11,Enchente,2,6,48,69,232,9,121.9
Florianópolis,SC,-27.5954,-48.548,2024-02-13,2024,2,Enxurrada,1,2,18,48,163,9,90.3
Florianópolis,SC,-27.5954,-48.548,2025-02-08,2025,2,Inundação brusca,1,7,70,200,536,33,266.2
Florianópolis,SC,-27.5954,-48.548,2025-10-31,2025,10,Deslizamento de terra,1,6,37,80,227,14,124.5
Fortaleza,CE,-3.7172,-38.5433,2010-03-10,2010,3,Enchente,1,13,110,246,709,36,396.2
Fortaleza,CE,-3.7172,-38.5433,2010-03-22,2010,3,Deslizamento de terra,2,9,49,99,306,18,163.6
Fortaleza,CE,-3.7172,-38.5433,2010-04-17,2010,4,Deslizamento de terra,1,11,69,134,450,20,245.1
Fortaleza,CE,-3.7172,-38.5433,2011-01-01,2011,1,Alagamento,0,11,40,86,280,18,160.0
Fortaleza,CE,-3.7172,-38.5433,2012-02-25,2012,2,Vendaval,0,11,117,248,765,48,414.7
Fortaleza,CE,-3.7172,-38.5433,2013-03-19,2013,3,Deslizamento de terra,1,11,70,159,517,30,278.7
Fortaleza,CE,-3.7172,-38.5433,2014-02-20,2014,2,Alagamento,1,5,56,117,340,10,172.3
Fortaleza,CE,-3.7172,-38.5433,2014-03-19,2014,3,Enxurrada,3,11,132,299,940,38,481.1
Fortaleza,CE,-3.7172,-38.5433,2014-04-07,2014,4,Deslizamento de terra,1,1,30,62,197,10,83.6
Fortaleza,CE,-3.7172,-38.5433,2015-04-30,2015,4,Vendaval,0,4,18,51,179,16,86.8
Fortaleza,CE,-3.7172,-38.5433,2015-05-17,2015,5,Inundação brusca,1,2,20,36,127,8,73.6
Fortaleza,CE,-3.7172,-38.5433,2016-01-19,2016,1,Granizo,0,7,37,89,264,12,138.7
Fortaleza,CE,-3.7172,-38.5433,2017-01-26,2017,1,Tempestade,0,5,20,30,118,12,62.3
Fortaleza,CE,-3.7172,-38.5433,2017-01-27,2017,1,Alagamento,0,10,44,104,300,24,156.2
Fortaleza,CE,-3.7172,-38.5433,2018-02-12,2018,2,Granizo,1,8,56,115,345,21,182.3
Fortaleza,CE,-3.7172,-38.5433,2019-05-14,2019,5,Alagamento,0,2,16,22,99,8,55.3
Fortaleza,CE,-3.7172,-38.5433,2020-01-19,2020,1,Tempestade,2,13,68,155,482,21,251.9
Fortaleza,CE,-3.7172,-38.5433,2020-01-27,2020,1,Vendaval,1,23,187,389,1223,75,642.2
Fortaleza,CE,-3.7172,-38.5433,2020-04-04,2020,4,Enchente,2,5,34,84,239,13,145.2
Fortaleza,CE,-3.7172,-38.5433,2021-04-16,2021,4,Tempestade,3,15,114,261,804,40,438.6
Fortaleza,CE,-3.7172,-38.5433,2021-04-19,2021,4,Erosão costeira,1,9,65,119,381,20,201.9
Fortaleza,CE,-3.7172,-38.5433,2022-02-19,2022,2,Granizo,0,6,40,84,277,14,139.2
Fortaleza,CE,-3.7172,-38.5433,2022-05-07,2022,5,Deslizamento de terra,1,5,47,81,279,14,150.7
Fortaleza,CE,-3.7172,-38.5433,2023-03-17,2023,3,Enxurrada,0,10,65,145,439,26,200.8
Fortaleza,CE,-3.7172,-38.5433,2023-04-29,2023,4,Erosão costeira,1,4,45,71,230,16,123.1
Fortaleza,CE,-3.7172,-38.5433,2024-03-08,2024,3,Deslizamento de terra,2,5,46,100,321,13,161.0
Fortaleza,CE,-3.7172,-38.5433,2024-10-23,2024,10,Deslizamento de terra,3,5,53,91,343,17,181.9
Fortaleza,CE,-3.7172,-38.5433,2025-03-22,2025,3,Inundação brusca,0,2,15,32,116,6,62.3
Goiânia,GO,-16.6869,-49.2648,2010-01-27,2010,1,Alagamento,1,3,7,36,120,4,59.5
Goiânia,GO,-16.6869,-49.2648,2010-03-18,2010,3,Inundação brusca,0,9,93,147,497,21,262.5
Goiânia,GO,-16.6869,-49.2648,2010-11-08,2010,11,Tempestade,2,10,27,62,194,10,103.5
Goiânia,GO,-16.6869,-49.2648,2010-12-29,2010,12,Enchente,2,16,101,179,594,39,327.0
Goiânia,GO,-16.6869,-49.2648,2011-03-12,2011,3,Granizo,4,23,138,262,866,41,466.1
Goiânia,GO,-16.6869,-49.2648,2012-05-24,2012,5,Deslizamento de terra,2,2,26,58,166,9,76.5
Goiânia,GO,-16.6869,-49.2648,2012-12-08,2012,12,Alagamento,0,13,100,200,662,42,356.3
Goiânia,GO,-16.6869,-49.2648,2013-03-04,2013,3,Granizo,1,6,31,61,177,10,111.8
Goiânia,GO,-16.6869,-49.2648,2013-11-30,2013,11,Tempestade,1,5,39,56,209,16,116.7
Goiânia,GO,-16.6869,-49.2648,2013-12-01,2013,12,Enchente,1,9,53,110,353,11,177.3
Goiânia,GO,-16.6869,-49.2648,2014-03-16,2014,3,Erosão costeira,3,22,187,380,1184,64,657.4
Goiânia,GO,-16.6869,-49.2648,2014-10-10,2014,10,Inundação brusca,1,3,24,87,232,9,117.1
Goiânia,GO,-16.6869,-49.2648,2014-11-12,2014,11,Tempestade,3,11,83,160,477,35,269.9
Goiânia,GO,-16.6869,-49.2648,2014-11-13,2014,11,Inundação brusca,0,3,27,39,159,7,87.9
Goiânia,GO,-16.6869,-49.2648,2014-12-10,2014,12,Enxurrada,2,24,143,245,881,35,453.1
Goiânia,GO,-16.6869,-49.2648,2014-12-24,2014,12,Inundação brusca,1,7,40,106,306,19,166.7
Goiânia,GO,-16.6869,-49.2648,2015-03-09,2015,3,Tempestade,3,19,134,274,889,42,464.2
Goiânia,GO,-16.6869,-49.2648,2017-01-15,2017,1,Deslizamento de terra,0,12,43,69,259,14,148.5
Goiânia,GO,-16.6869,-49.2648,2017-11-21,2017,11,Enchente,0,2,21,49,142,6,62.8
Goiânia,GO,-16.6869,-49.2648,2017-11-22,2017,11,Tempestade,2,6,43,85,277,15,143.0
Goiânia,GO,-16.6869,-49.2648,2019-11-25,2019,11,Deslizamento de terra,2,9,67,122,425,24,226.5
Goiânia,GO,-16.6869,-49.2648,2022-01-17,2022,1,Deslizamento de terra,2,2,25,40,156,10,88.4
Goiânia,GO,-16.6869,-49.2648,2023-02-28,2023,2,Inundação brusca,1,2,21,25,104,7,54.2
Goiânia,GO,-16.6869,-49.2648,2023-03-25,2023,3,Enchente,2,7,52,95,291,22,163.0
Goiânia,GO,-16.6869,-49.2648,2023-11-18,2023,11,Tempestade,2,19,82,171,527,30,285.6
Goiânia,GO,-16.6869,-49.2648,2024-05-31,2024,5,Tempestade,0,4,34,70,209,10,131.1
Goiânia,GO,-16.6869,-49.2648,2025-11-10,2025,11,Alagamento,0,2,26,70,194,10,95.3
Joinville,SC,-26.3044,-48.8487,2012-01-19,2012,1,Granizo,1,9,86,193,590,32,322.5
Joinville,SC,-26.3044,-48.8487,2012-02-13,2012,2,Alagamento,2,12,85,188,561,37,281.2
Joinville,SC,-26.3044,-48.8487,2013-02-11,2013,2,Tempestade,1,4,35,62,205,7,112.9
Joinville,SC,-26.3044,-48.8487,2015-02-01,2015,2,Inundação brusca,1,14,52,129,358,16,186.9
Joinville,SC,-26.3044,-48.8487,2015-02-23,2015,2,Erosão costeira,1,24,168,302,979,47,491.6
Joinville,SC,-26.3044,-48.8487,2015-12-09,2015,12,Tempestade,0,1,18,31,91,7,52.3
Joinville,SC,-26.3044,-48.8487,2016-02-05,2016,2,Enxurrada,2,5,34,73,229,8,104.5
Joinville,SC,-26.3044,-48.8487,2016-11-15,2016,11,Deslizamento de terra,0,3,24,63,173,7,78.2
Joinville,SC,-26.3044,-48.8487,2016-12-18,2016,12,Vendaval,3,11,71,131,416,19,209.2
Joinville,SC,-26.3044,-48.8487,2017-01-06,2017,1,Tempestade,0,3,45,81,268,15,139.7
Joinville,SC,-26.3044,-48.8487,2017-11-02,2017,11,Enxurrada,3,6,75,133,429,20,226.0
Joinville,SC,-26.3044,-48.8487,2018-01-12,2018,1,Enxurrada,1,5,55,110,360,18,189.9
Joinville,SC,-26.3044,-48.8487,2019-01-19,2019,1,Granizo,0,8,34,43,156,5,80.4
Joinville,SC,-26.3044,-48.8487,2019-09-19,2019,9,Enchente,0,3,26,43,138,6,78.6
Joinville,SC,-26.3044,-48.8487,2019-10-02,2019,10,Tempestade,0,6,49,98,296,13,164.9
Joinville,SC,-26.3044,-48.8487,2019-11-07,2019,11,Enchente,1,8,44,52,203,6,112.4
Joinville,SC,-26.3044,-48.8487,2019-12-12,2019,12,Erosão costeira,3,22,134,271,826,44,444.9
Joinville,SC,-26.3044,-48.8487,2019-12-13,2019,12,Inundação brusca,4,6,38,75,221,13,114.5
Joinville,SC,-26.3044,-48.8487,2020-11-02,2020,11,Vendaval,2,12,85,152,516,25,294.2
Joinville,SC,-26.3044,-48.8487,2020-12-29,2020,12,Inundação brusca,0,7,40,76,260,6,137.3
Joinville,SC,-26.3044,-48.8487,2021-01-25,2021,1,Enxurrada,4,17,122,240,815,47,441.8
Joinville,SC,-26.3044,-48.8487,2021-10-09,2021,10,Deslizamento de terra,1,4,67,115,347,14,184.8
Joinville,SC,-26.3044,-48.8487,2021-12-01,2021,12,Deslizamento de terra,2,7,67,124,397,20,219.1
Joinville,SC,-26.3044,-48.8487,2023-12-29,2023,12,Enchente,3,13,91,166,511,21,269.0
Joinville,SC,-26.3044,-48.8487,2024-10-20,2024,10,Inundação brusca,2,6,43,77,240,15,137.6
Joinville,SC,-26.3044,-48.8487,2024-12-27,2024,12,Enxurrada,2,16,120,249,824,48,442.7
Joinville,SC,-26.3044,-48.8487,2025-02-25,2025,2,Granizo,3,15,91,182,589,29,313.7
Joinville,SC,-26.3044,-48.8487,2025-04-05,2025,4,Inundação brusca,0,6,42,73,247,8,122.9
Joinville,SC,-26.3044,-48.8487,2025-11-17,2025,11,Enchente,0,5,47,118,370,16,176.1
Joinville,SC,-26.3044,-48.8487,2025-11-29,2025,11,Vendaval,1,1,16,31,113,5,60.1
Macapá,AP,0.0388,-51.0664,2010-03-27,2010,3,Enchente,2,11,80,187,579,36,304.6
Macapá,AP,0.0388,-51.0664,2012-11-16,2012,11,Enxurrada,0,4,37,52,197,8,100.7
Macapá,AP,0.0388,-51.0664,2013-01-23,2013,1,Tempestade,0,5,35,71,207,10,112.2
Macapá,AP,0.0388,-51.0664,2013-03-11,2013,3,Granizo,1,3,16,53,146,14,82.4
Macapá,AP,0.0388,-51.0664,2014-04-02,2014,4,Enxurrada,1,6,55,110,347,29,182.2
Macapá,AP,0.0388,-51.0664,2015-02-17,2015,2,Granizo,0,15,89,164,501,27,246.4
Macapá,AP,0.0388,-51.0664,2015-12-14,2015,12,Alagamento,0,9,59,146,400,22,198.4
Macapá,AP,0.0388,-51.0664,2016-01-03,2016,1,Alagamento,2,6,48,103,318,25,169.2
Macapá,AP,0.0388,-51.0664,2016-01-24,2016,1,Deslizamento de terra,0,7,56,90,309,14,174.1
Macapá,AP,0.0388,-51.0664,2016-02-23,2016,2,Granizo,1,14,77,128,455,27,247.0
Macapá,AP,0.0388,-51.0664,2016-07-27,2016,7,Inundação brusca,1,5,43,87,257,14,119.9
Macapá,AP,0.0388,-51.0664,2016-12-12,2016,12,Vendaval,2,17,114,265,824,46,437.6
Macapá,AP,0.0388,-51.0664,2017-02-14,2017,2,Enchente,3,14,99,227,680,35,341.4
Macapá,AP,0.0388,-51.0664,2017-03-05,2017,3,Alagamento,0,2,19,41,170,8,81.0
Macapá,AP,0.0388,-51.0664,2017-03-22,2017,3,Enchente,0,7,34,72,218,12,106.2
Macapá,AP,0.0388,-51.0664,2020-01-23,2020,1,Enchente,1,10,54,129,361,17,173.5
Macapá,AP,0.0388,-51.0664,2020-04-01,2020,4,Vendaval,0,7,65,128,393,21,213.7
Macapá,AP,0.0388,-51.0664,2020-04-10,2020,4,Enxurrada,0,5,38,60,196,6,102.6
Macapá,AP,0.0388,-51.0664,2021-01-23,2021,1,Enchente,4,13,109,192,621,27,345.9
Macapá,AP,0.0388,-51.0664,2021-06-09,2021,6,Granizo,1,2,24,39,114,5,60.3
Macapá,AP,0.0388,-51.0664,2022-04-01,2022,4,Vendaval,2,12,78,148,440,17,231.9
Macapá,AP,0.0388,-51.0664,2022-12-11,2022,12,Alagamento,0,3,23,60,182,15,99.8
Macapá,AP,0.0388,-51.0664,2023-04-04,2023,4,Tempestade,5,28,231,458,1466,94,787.5
Macapá,AP,0.0388,-51.0664,2024-01-18,2024,1,Enchente,0,3,41,81,253,15,128.0
Macapá,AP,0.0388,-51.0664,2024-12-12,2024,12,Deslizamento de terra,0,7,34,73,213,12,122.1
Macapá,AP,0.0388,-51.0664,2025-12-24,2025,12,Vendaval,0,4,12,45,127,6,80.7
Maceió,AL,-9.666,-35.735,2010-04-21,2010,4,Enxurrada,0,12,83,135,467,21,232.5
Maceió,AL,-9.666,-35.735,2012-06-17,2012,6,Erosão costeira,1,15,107,200,615,31,330.1
Maceió,AL,-9.666,-35.735,2013-05-04,2013,5,Alagamento,2,24,201,382,1226,68,630.4
Maceió,AL,-9.666,-35.735,2013-06-07,2013,6,Alagamento,2,27,138,330,985,64,537.9
Maceió,AL,-9.666,-35.735,2015-04-16,2015,4,Erosão costeira,2,20,166,346,1100,58,558.5
Maceió,AL,-9.666,-35.735,2016-07-08,2016,7,Granizo,0,9,37,91,252,10,141.7
Maceió,AL,-9.666,-35.735,2016-07-18,2016,7,Tempestade,3,17,82,199,622,41,318.6
Maceió,AL,-9.666,-35.735,2016-08-03,2016,8,Alagamento,2,11,120,231,759,44,378.7
Maceió,AL,-9.666,-35.735,2016-08-11,2016,8,Alagamento,2,13,97,204,653,34,344.6
Maceió,AL,-9.666,-35.735,2016-08-15,2016,8,Enxurrada,2,15,115,229,678,40,352.0
Maceió,AL,-9.666,-35.735,2016-08-28,2016,8,Alagamento,0,4,50,72,268,11,153.1
Maceió,AL,-9.666,-35.735,2017-06-07,2017,6,Vendaval,0,5,34,65,197,12,95.9
Maceió,AL,-9.666,-35.735,2017-07-23,2017,7,Granizo,0,2,38,58,202,10,97.6
Maceió,AL,-9.666,-35.735,2018-05-29,2018,5,Tempestade,1,17,64,123,436,18,236.7
Maceió,AL,-9.666,-35.735,2018-06-15,2018,6,Deslizamento de terra,1,12,84,193,559,36,275.2
Maceió,AL,-9.666,-35.735,2018-10-03,2018,10,Tempestade,0,8,73,130,418,20,210.8
Maceió,AL,-9.666,-35.735,2019-05-01,2019,5,Granizo,1,4,41,90,272,18,136.0
Maceió,AL,-9.666,-35.735,2019-06-16,2019,6,Inundação brusca,2,13,77,155,500,25,260.7
Maceió,AL,-9.666,-35.735,2020-07-04,2020,7,Vendaval,0,3,23,46,128,7,80.8
Maceió,AL,-9.666,-35.735,2021-07-09,2021,7,Inundação brusca,0,5,47,80,276,7,140.2
Maceió,AL,-9.666,-35.735,2021-07-16,2021,7,Granizo,0,3,22,49,157,13,84.5
Maceió,AL,-9.666,-35.735,2023-06-25,2023,6,Enxurrada,1,2,29,66,200,11,97.2
Maceió,AL,-9.666,-35.735,2023-07-21,2023,7,Deslizamento de terra,1,4,27,57,144,3,78.5
Maceió,AL,-9.666,-35.735,2024-05-07,2024,5,Tempestade,4,19,124,234,747,45,383.7
Maceió,AL,-9.666,-35.735,2024-08-10,2024,8,Enchente,1,12,91,167,515,19,250.3
Maceió,AL,-9.666,-35.735,2025-05-22,2025,5,Tempestade,0,3,29,90,259,17,144.9
Maceió,AL,-9.666,-35.735,2025-08-24,2025,8,Enxurrada,1,4,64,90,343,14,175.6
Manaus,AM,-3.119,-60.0217,2010-01-03,2010,1,Deslizamento de terra,1,6,28,36,149,9,92.5
Manaus,AM,-3.119,-60.0217,2010-04-12,2010,4,Vendaval,3,27,139,307,989,53,525.5
Manaus,AM,-3.119,-60.0217,2010-08-29,2010,8,Granizo,1,6,45,88,284,16,149.6
Manaus,AM,-3.119,-60.0217,2012-01-30,2012,1,Granizo,0,12,53,118,399,13,218.8
Manaus,AM,-3.119,-60.0217,2012-04-17,2012,4,Vendaval,2,5,45,113,322,21,168.0
Manaus,AM,-3.119,-60.0217,2014-04-24,2014,4,Inundação brusca,1,6,62,120,384,20,193.5
Manaus,AM,-3.119,-60.0217,2014-11-28,2014,11,Deslizamento de terra,1,6,28,57,201,7,95.3
Manaus,AM,-3.119,-60.0217,2015-01-22,2015,1,Vendaval,3,20,150,304,928,48,491.1
Manaus,AM,-3.119,-60.0217,2016-02-28,2016,2,Alagamento,0,12,97,206,660,36,353.1
Manaus,AM,-3.119,-60.0217,2017-01-20,2017,1,Tempestade,2,4,65,122,375,17,201.1
Manaus,AM,-3.119,-60.0217,2017-03-26,2017,3,Enxurrada,2,8,90,154,539,34,294.7
Manaus,AM,-3.119,-60.0217,2017-04-08,2017,4,Vendaval,6,21,169,355,1104,68,571.3
Manaus,AM,-3.119,-60.0217,2017-11-09,2017,11,Enxurrada,0,2,24,40,150,8,80.0
Manaus,AM,-3.119,-60.0217,2018-02-12,2018,2,Inundação brusca,1,6,33,64,207,14,108.8
Manaus,AM,-3.119,-60.0217,2018-11-09,2018,11,Inundação brusca,2,7,48,106,333,17,165.2
Manaus,AM,-3.119,-60.0217,2019-01-09,2019,1,Alagamento,1,1,31,67,176,14,104.6
Manaus,AM,-3.119,-60.0217,2020-02-06,2020,2,Granizo,0,6,30,57,188,5,93.1
Manaus,AM,-3.119,-60.0217,2020-03-06,2020,3,Vendaval,0,5,76,130,414,17,215.5
Manaus,AM,-3.119,-60.0217,2020-03-21,2020,3,Deslizamento de terra,1,17,113,225,668,39,353.7
Manaus,AM,-3.119,-60.0217,2021-01-30,2021,1,Granizo,1,9,87,151,476,25,254.4
Manaus,AM,-3.119,-60.0217,2021-02-27,2021,2,Granizo,2,5,57,126,409,15,217.7
Manaus,AM,-3.119,-60.0217,2022-03-30,2022,3,Deslizamento de terra,0,3,19,43,134,6,75.6
Manaus,AM,-3.119,-60.0217,2022-04-26,2022,4,Tempestade,0,10,38,81,240,11,119.6
Manaus,AM,-3.119,-60.0217,2022-12-01,2022,12,Inundação brusca,1,9,29,71,204,11,105.0
Manaus,AM,-3.119,-60.0217,2023-11-16,2023,11,Tempestade,6,27,228,395,1309,83,678.9
Manaus,AM,-3.119,-60.0217,2023-12-11,2023,12,Vendaval,1,2,14,41,122,7,61.0
Manaus,AM,-3.119,-60.0217,2024-03-23,2024,3,Granizo,3,13,151,302,918,61,481.8
Manaus,AM,-3.119,-60.0217,2024-12-03,2024,12,Vendaval,0,13,91,202,607,29,338.7
Manaus,AM,-3.119,-60.0217,2025-01-15,2025,1,Tempestade,0,14,64,130,378,18,191.1
Manaus,AM,-3.119,-60.0217,2025-02-19,2025,2,Inundação brusca,1,7,69,133,421,19,219.8
Manaus,AM,-3.119,-60.0217,2025-02-23,2025,2,Enchente,2,3,32,92,255,11,136.2
Manaus,AM,-3.119,-60.0217,2025-03-28,2025,3,Alagamento,1,3,36,84,243,15,136.1
Manaus,AM,-3.119,-60.0217,2025-12-10,2025,12,Vendaval,4,12,101,202,633,42,324.7
Natal,RN,-5.7945,-35.211,2010-01-12,2010,1,Vendaval,2,10,65,144,446,27,217.3
Natal,RN,-5.7945,-35.211,2010-01-18,2010,1,Enchente,0,3,25,35,128,14,68.4
Natal,RN,-5.7945,-35.211,2011-01-25,2011,1,Tempestade,0,2,31,63,202,17,95.7
Natal,RN,-5.7945,-35.211,2012-02-01,2012,2,Vendaval,2,5,47,69,226,10,114.7
Natal,RN,-5.7945,-35.211,2012-02-03,2012,2,Inundação brusca,1,17,132,258,806,50,402.7
Natal,RN,-5.7945,-35.211,2012-03-04,2012,3,Enxurrada,1,3,39,93,257,25,134.1
Natal,RN,-5.7945,-35.211,2012-04-11,2012,4,Tempestade,3,12,69,138,461,25,254.2
Natal,RN,-5.7945,-35.211,2012-05-12,2012,5,Tempestade,1,9,105,161,524,21,248.6
Natal,RN,-5.7945,-35.211,2015-04-20,2015,4,Alagamento,0,8,44,88,262,22,133.8
Natal,RN,-5.7945,-35.211,2016-03-13,2016,3,Vendaval,0,6,54,115,349,23,180.4
Natal,RN,-5.7945,-35.211,2016-03-20,2016,3,Granizo,3,14,106,204,650,34,357.5
Natal,RN,-5.7945,-35.211,2016-05-21,2016,5,Erosão costeira,3,10,74,139,463,26,235.1
Natal,RN,-5.7945,-35.211,2017-01-02,2017,1,Erosão costeira,2,21,162,299,954,43,491.5
Natal,RN,-5.7945,-35.211,2017-02-06,2017,2,Erosão costeira,0,6,18,36,114,5,69.6
Natal,RN,-5.7945,-35.211,2017-04-15,2017,4,Alagamento,1,9,63,133,471,32,248.6
Natal,RN,-5.7945,-35.211,2017-05-19,2017,5,Inundação brusca,3,8,95,224,633,26,297.4
Natal,RN,-5.7945,-35.211,2019-03-27,2019,3,Erosão costeira,0,3,30,42,142,7,74.8
Natal,RN,-5.7945,-35.211,2019-03-30,2019,3,Enchente,2,8,55,96,343,22,170.7
Natal,RN,-5.7945,-35.211,2020-03-01,2020,3,Deslizamento de terra,3,6,58,140,431,14,228.6
Natal,RN,-5.7945,-35.211,2020-03-08,2020,3,Tempestade,1,10,67,115,420,22,205.2
Natal,RN,-5.7945,-35.211,2020-05-05,2020,5,Inundação brusca,3,8,50,86,306,17,183.2
Natal,RN,-5.7945,-35.211,2021-02-06,2021,2,Granizo,1,12,90,181,575,27,318.8
Natal,RN,-5.7945,-35.211,2021-04-05,2021,4,Deslizamento de terra,1,10,54,125,351,14,170.2
Natal,RN,-5.7945,-35.211,2022-02-11,2022,2,Alagamento,2,9,50,117,348,25,179.7
Natal,RN,-5.7945,-35.211,2023-03-01,2023,3,Tempestade,0,3,24,45,130,9,68.9
Natal,RN,-5.7945,-35.211,2023-05-23,2023,5,Alagamento,0,8,21,79,219,8,124.9
Natal,RN,-5.7945,-35.211,2024-05-04,2024,5,Alagamento,3,11,90,156,504,23,269.2
Nova Friburgo,RJ,-22.2823,-42.5311,2010-02-25,2010,2,Enchente,0,7,93,165,526,37,289.6
Nova Friburgo,RJ,-22.2823,-42.5311,2010-03-13,2010,3,Enxurrada,2,31,229,426,1424,91,713.5
Nova Friburgo,RJ,-22.2823,-42.5311,2011-01-14,2011,1,Enxurrada,0,6,28,69,225,9,112.5
Nova Friburgo,RJ,-22.2823,-42.5311,2011-02-05,2011,2,Alagamento,2,10,95,200,659,42,351.5
Nova Friburgo,RJ,-22.2823,-42.5311,2013-02-20,2013,2,Erosão costeira,1,2,45,73,263,12,140.9
Nova Friburgo,RJ,-22.2823,-42.5311,2013-11-26,2013,11,Deslizamento de terra,7,16,124,229,724,41,384.5
Nova Friburgo,RJ,-22.2823,-42.5311,2014-12-18,2014,12,Erosão costeira,1,9,101,198,612,41,311.6
Nova Friburgo,RJ,-22.2823,-42.5311,2015-02-14,2015,2,Vendaval,0,3,27,54,185,10,93.7
Nova Friburgo,RJ,-22.2823,-42.5311,2015-02-20,2015,2,Alagamento,1,18,103,231,695,40,359.8
Nova Friburgo,RJ,-22.2823,-42.5311,2015-11-01,2015,11,Vendaval,3,16,105,224,707,42,365.2
Nova Friburgo,RJ,-22.2823,-42.5311,2017-12-26,2017,12,Erosão costeira,0,5,30,68,225,15,121.1
Nova Friburgo,RJ,-22.2823,-42.5311,2019-01-04,2019,1,Vendaval,2,9,69,111,382,23,194.9
Nova Friburgo,RJ,-22.2823,-42.5311,2020-08-17,2020,8,Alagamento,0,5,41,98,280,18,152.1
Nova Friburgo,RJ,-22.2823,-42.5311,2020-11-12,2020,11,Enchente,1,8,129,238,757,37,389.6
Nova Friburgo,RJ,-22.2823,-42.5311,2020-12-01,2020,12,Enxurrada,3,17,90,163,521,30,278.5
Nova Friburgo,RJ,-22.2823,-42.5311,2020-12-26,2020,12,Deslizamento de terra,0,9,70,107,375,18,206.7
Nova Friburgo,RJ,-22.2823,-42.5311,2021-11-10,2021,11,Vendaval,1,7,42,106,315,20,163.6
Nova Friburgo,RJ,-22.2823,-42.5311,2022-02-23,2022,2,Alagamento,5,12,109,219,687,25,342.6
Nova Friburgo,RJ,-22.2823,-42.5311,2022-03-29,2022,3,Enchente,1,25,107,207,674,33,330.6
Nova Friburgo,RJ,-22.2823,-42.5311,2022-12-06,2022,12,Inundação brusca,0,10,77,147,481,38,261.9
Nova Friburgo,RJ,-22.2823,-42.5311,2022-12-21,2022,12,Erosão costeira,2,36,272,586,1811,75,980.4
Nova Friburgo,RJ,-22.2823,-42.5311,2023-09-26,2023,9,Enxurrada,0,8,30,57,182,8,99.0
Nova Friburgo,RJ,-22.2823,-42.5311,2024-11-27,2024,11,Inundação brusca,1,6,38,92,270,12,133.0
Nova Friburgo,RJ,-22.2823,-42.5311,2024-12-26,2024,12,Alagamento,1,3,45,86,276,19,148.1
Nova Friburgo,RJ,-22.2823,-42.5311,2025-02-15,2025,2,Deslizamento de terra,0,0,15,48,131,8,70.4
Petrópolis,RJ,-22.5096,-43.1796,2011-12-04,2011,12,Erosão costeira,2,13,79,175,523,36,264.4
Petrópolis,RJ,-22.5096,-43.1796,2012-01-06,2012,1,Enchente,1,2,26,41,127,6,71.3
Petrópolis,RJ,-22.5096,-43.1796,2012-01-27,2012,1,Erosão costeira,0,13,64,120,414,26,224.5
Petrópolis,RJ,-22.5096,-43.1796,2012-11-17,2012,11,Inundação brusca,2,8,67,104,366,19,189.2
Petrópolis,RJ,-22.5096,-43.1796,2012-12-26,2012,12,Inundação brusca,2,20,136,264,864,66,488.7
Petrópolis,RJ,-22.5096,-43.1796,2013-03-15,2013,3,Granizo,0,3,29,54,173,7,101.8
Petrópolis,RJ,-22.5096,-43.1796,2013-11-06,2013,11,Erosão costeira,0,7,19,33,101,3,58.7
Petrópolis,RJ,-22.5096,-43.1796,2013-12-10,2013,12,Inundação brusca,5,20,143,302,967,44,529.6
Petrópolis,RJ,-22.5096,-43.1796,2014-12-02,2014,12,Vendaval,0,2,23,49,158,10,87.3
Petrópolis,RJ,-22.5096,-43.1796,2015-01-13,2015,1,Inundação brusca,3,14,147,253,833,46,435.6
Petrópolis,RJ,-22.5096,-43.1796,2015-01-26,2015,1,Erosão costeira,2,10,63,147,436,33,239.9
Petrópolis,RJ,-22.5096,-43.1796,2016-03-14,2016,3,Enchente,0,9,57,109,348,20,182.1
Petrópolis,RJ,-22.5096,-43.1796,2016-12-16,2016,12,Erosão costeira,4,22,140,285,868,52,487.0
Petrópolis,RJ,-22.5096,-43.1796,2017-03-30,2017,3,Erosão costeira,0,2,31,60,212,17,113.7
Petrópolis,RJ,-22.5096,-43.1796,2019-02-02,2019,2,Tempestade,4,21,130,266,790,38,406.0
Petrópolis,RJ,-22.5096,-43.1796,2019-02-07,2019,2,Alagamento,4,10,59,113,379,21,197.0
Petrópolis,RJ,-22.5096,-43.1796,2020-03-16,2020,3,Tempestade,1,2,9,33,104,5,69.6
Petrópolis,RJ,-22.5096,-43.1796,2020-11-23,2020,11,Inundação brusca,1,9,97,171,522,19,257.4
Petrópolis,RJ,-22.5096,-43.1796,2020-12-30,2020,12,Erosão costeira,3,16,114,281,819,53,410.8
Petrópolis,RJ,-22.5096,-43.1796,2021-09-11,2021,9,Alagamento,2,8,74,131,443,20,218.0
Petrópolis,RJ,-22.5096,-43.1796,2021-12-07,2021,12,Tempestade,0,1,16,43,112,1,63.4
Petrópolis,RJ,-22.5096,-43.1796,2022-02-03,2022,2,Erosão costeira,0,5,41,80,263,20,125.9
Petrópolis,RJ,-22.5096,-43.1796,2022-11-01,2022,11,Deslizamento de terra,2,22,122,286,825,55,448.9
Petrópolis,RJ,-22.5096,-43.1796,2023-01-23,2023,1,Tempestade,0,5,55,102,342,22,192.7
Petrópolis,RJ,-22.5096,-43.1796,2025-11-18,2025,11,Alagamento,1,7,45,101,325,21,176.5
Porto Alegre,RS,-30.0346,-51.2177,2010-07-26,2010,7,Tempestade,0,9,56,149,418,26,224.1
Porto Alegre,RS,-30.0346,-51.2177,2010-09-15,2010,9,Granizo,0,5,50,112,328,26,164.9
Porto Alegre,RS,-30.0346,-51.2177,2010-10-28,2010,10,Granizo,0,4,28,60,176,6,105.2
Porto Alegre,RS,-30.0346,-51.2177,2011-05-29,2011,5,Inundação brusca,0,10,53,127,394,21,226.8
Porto Alegre,RS,-30.0346,-51.2177,2012-06-06,2012,6,Deslizamento de terra,0,9,49,111,360,14,195.7
Porto Alegre,RS,-30.0346,-51.2177,2012-08-22,2012,8,Enchente,1,8,82,118,420,35,252.4
Porto Alegre,RS,-30.0346,-51.2177,2013-08-21,2013,8,Enchente,1,12,66,96,363,24,183.4
Porto Alegre,RS,-30.0346,-51.2177,2013-09-02,2013,9,Alagamento,2,9,38,78,217,17,123.1
Porto Alegre,RS,-30.0346,-51.2177,2015-06-11,2015,6,Vendaval,2,10,70,147,422,23,234.8
Porto Alegre,RS,-30.0346,-51.2177,2015-07-12,2015,7,Enchente,1,6,51,115,333,18,179.3
Porto Alegre,RS,-30.0346,-51.2177,2015-08-29,2015,8,Alagamento,0,1,18,44,126,3,67.7
Porto Alegre,RS,-30.0346,-51.2177,2015-09-05,2015,9,Deslizamento de terra,5,29,130,261,848,56,490.1
Porto Alegre,RS,-30.0346,-51.2177,2016-07-07,2016,7,Vendaval,2,5,40,96,304,11,158.1
Porto Alegre,RS,-30.0346,-51.2177,2016-07-20,2016,7,Vendaval,0,1,19,54,147,6,76.1
Porto Alegre,RS,-30.0346,-51.2177,2017-07-08,2017,7,Granizo,2,11,88,193,631,36,340.7
Porto Alegre,RS,-30.0346,-51.2177,2018-05-31,2018,5,Inundação brusca,2,12,114,204,663,28,330.6
Porto Alegre,RS,-30.0346,-51.2177,2018-08-19,2018,8,Erosão costeira,0,1,18,39,123,6,69.3
Porto Alegre,RS,-30.0346,-51.2177,2020-06-05,2020,6,Vendaval,1,2,16,42,141,7,76.0
Porto Alegre,RS,-30.0346,-51.2177,2020-08-26,2020,8,Enxurrada,0,11,74,127,396,25,197.5
Porto Alegre,RS,-30.0346,-51.2177,2021-05-16,2021,5,Alagamento,0,2,31,73,225,9,112.7
Porto Alegre,RS,-30.0346,-51.2177,2022-06-05,2022,6,Vendaval,0,4,22,50,182,14,97.9
Porto Alegre,RS,-30.0346,-51.2177,2022-06-13,2022,6,Vendaval,0,6,70,118,401,23,215.9
Porto Alegre,RS,-30.0346,-51.2177,2022-08-15,2022,8,Enxurrada,0,0,22,35,121,4,63.1
Porto Alegre,RS,-30.0346,-51.2177,2023-06-18,2023,6,Vendaval,1,10,72,163,475,19,254.6
Porto Alegre,RS,-30.0346,-51.2177,2024-07-01,2024,7,Erosão costeira,1,3,48,92,316,13,161.6
Porto Alegre,RS,-30.0346,-51.2177,2025-06-10,2025,6,Enxurrada,2,7,46,98,324,18,164.9
Porto Alegre,RS,-30.0346,-51.2177,2025-07-29,2025,7,Granizo,3,9,64,136,399,27,232.9
Porto Velho,RO,-8.7619,-63.8978,2010-01-06,2010,1,Tempestade,0,6,31,78,246,13,127.7
Porto Velho,RO,-8.7619,-63.8978,2010-03-30,2010,3,Vendaval,2,10,97,180,592,38,304.2
Porto Velho,RO,-8.7619,-63.8978,2010-10-16,2010,10,Vendaval,2,4,26,49,187,13,103.4
Porto Velho,RO,-8.7619,-63.8978,2010-12-04,2010,12,Inundação brusca,3,6,63,142,410,36,216.2
Porto Velho,RO,-8.7619,-63.8978,2011-11-29,2011,11,Inundação brusca,0,4,23,55,157,9,84.8
Porto Velho,RO,-8.7619,-63.8978,2012-11-13,2012,11,Alagamento,4,25,163,341,1014,51,523.6
Porto Velho,RO,-8.7619,-63.8978,2013-02-14,2013,2,Erosão costeira,2,12,117,192,654,32,315.7
Porto Velho,RO,-8.7619,-63.8978,2013-11-06,2013,11,Alagamento,2,13,118,239,715,46,415.6
Porto Velho,RO,-8.7619,-63.8978,2014-03-01,2014,3,Tempestade,2,2,13,37,121,5,66.2
Porto Velho,RO,-8.7619,-63.8978,2015-01-10,2015,1,Vendaval,2,7,37,101,305,19,174.3
Porto Velho,RO,-8.7619,-63.8978,2016-01-09,2016,1,Erosão costeira,3,13,104,189,622,38,314.6
Porto Velho,RO,-8.7619,-63.8978,2016-12-09,2016,12,Enxurrada,2,19,68,158,503,31,265.0
Porto Velho,RO,-8.7619,-63.8978,2017-11-25,2017,11,Vendaval,1,5,58,130,391,24,218.6
Porto Velho,RO,-8.7619,-63.8978,2018-01-10,2018,1,Granizo,1,11,73,169,516,28,270.4
Porto Velho,RO,-8.7619,-63.8978,2018-11-03,2018,11,Vendaval,0,5,42,100,309,9,168.0
Porto Velho,RO,-8.7619,-63.8978,2019-02-23,2019,2,Enchente,0,2,19,48,137,9,64.5
Porto Velho,RO,-8.7619,-63.8978,2020-01-02,2020,1,Erosão costeira,0,8,38,108,301,19,167.4
Porto Velho,RO,-8.7619,-63.8978,2020-01-28,2020,1,Enchente,1,15,116,205,642,30,337.8
Porto Velho,RO,-8.7619,-63.8978,2021-11-24,2021,11,Inundação brusca,0,6,18,41,126,6,77.6
Porto Velho,RO,-8.7619,-63.8978,2021-11-26,2021,11,Enxurrada,0,8,55,101,335,17,169.2
Porto Velho,RO,-8.7619,-63.8978,2021-12-17,2021,12,Vendaval,1,8,31,56,179,14,94.2
Porto Velho,RO,-8.7619,-63.8978,2022-01-11,2022,1,Enxurrada,1,2,39,98,310,14,161.8
Porto Velho,RO,-8.7619,-63.8978,2022-12-24,2022,12,Deslizamento de terra,1,8,47,116,335,17,178.8
Porto Velho,RO,-8.7619,-63.8978,2023-01-26,2023,1,Vendaval,1,15,79,172,526,29,283.6
Porto Velho,RO,-8.7619,-63.8978,2025-12-24,2025,12,Enchente,2,14,124,266,871,40,470.7
Recife,PE,-8.0476,-34.877,2010-04-25,2010,4,Erosão costeira,2,21,75,187,542,20,304.0
Recife,PE,-8.0476,-34.877,2010-07-02,2010,7,Enchente,1,6,69,142,446,19,217.8
Recife,PE,-8.0476,-34.877,2011-05-02,2011,5,Enxurrada,1,4,57,113,381,20,184.5
Recife,PE,-8.0476,-34.877,2013-05-07,2013,5,Tempestade,1,13,98,179,611,31,336.3
Recife,PE,-8.0476,-34.877,2014-04-25,2014,4,Vendaval,0,3,29,69,246,10,120.5
Recife,PE,-8.0476,-34.877,2014-11-22,2014,11,Granizo,0,13,35,80,239,19,131.7
Recife,PE,-8.0476,-34.877,2015-10-30,2015,10,Alagamento,0,3,19,42,136,11,81.5
Recife,PE,-8.0476,-34.877,2015-11-30,2015,11,Erosão costeira,1,8,37,78,283,11,143.2
Recife,PE,-8.0476,-34.877,2016-04-26,2016,4,Granizo,0,7,81,141,455,22,227.4
Recife,PE,-8.0476,-34.877,2017-03-19,2017,3,Granizo,0,1,30,39,146,2,79.2
Recife,PE,-8.0476,-34.877,2018-05-05,2018,5,Vendaval,1,9,74,163,515,16,265.4
Recife,PE,-8.0476,-34.877,2018-06-25,2018,6,Tempestade,0,7,55,147,459,20,234.9
Recife,PE,-8.0476,-34.877,2019-05-12,2019,5,Vendaval,1,7,63,115,401,20,195.6
Recife,PE,-8.0476,-34.877,2020-09-12,2020,9,Tempestade,0,19,102,208,647,26,334.3
Recife,PE,-8.0476,-34.877,2021-03-05,2021,3,Deslizamento de terra,2,8,52,135,394,20,197.5
Recife,PE,-8.0476,-34.877,2021-04-14,2021,4,Erosão costeira,0,6,37,74,274,7,149.4
Recife,PE,-8.0476,-34.877,2022-04-03,2022,4,Enxurrada,1,4,71,142,437,23,220.4
Recife,PE,-8.0476,-34.877,2022-06-27,2022,6,Inundação brusca,3,22,91,177,606,49,321.4
Recife,PE,-8.0476,-34.877,2023-05-19,2023,5,Enxurrada,1,3,23,60,166,6,83.7
Recife,PE,-8.0476,-34.877,2023-06-10,2023,6,Granizo,0,4,43,77,265,13,142.2
Recife,PE,-8.0476,-34.877,2024-07-26,2024,7,Alagamento,7,38,205,465,1405,72,758.3
Recife,PE,-8.0476,-34.877,2025-06-20,2025,6,Deslizamento de terra,0,15,105,219,687,33,331.8
Rio Branco,AC,-9.9574,-67.806,2010-01-02,2010,1,Enxurrada,1,5,42,88,291,18,153.6
Rio Branco,AC,-9.9574,-67.806,2010-03-27,2010,3,Enxurrada,2,13,79,168,503,27,261.7
Rio Branco,AC,-9.9574,-67.806,2010-04-23,2010,4,Alagamento,7,5,46,100,309,23,161.8
Rio Branco,AC,-9.9574,-67.806,2010-11-30,2010,11,Alagamento,1,4,37,75,269,10,139.3
Rio Branco,AC,-9.9574,-67.806,2010-12-20,2010,12,Enxurrada,3,8,94,206,647,44,347.7
Rio Branco,AC,-9.9574,-67.806,2011-03-06,2011,3,Enchente,2,3,54,152,452,20,229.5
Rio Branco,AC,-9.9574,-67.806,2011-03-15,2011,3,Alagamento,1,13,123,229,676,37,356.4
Rio Branco,AC,-9.9574,-67.806,2011-03-28,2011,3,Enchente,5,31,160,338,1073,48,590.0
Rio Branco,AC,-9.9574,-67.806,2012-10-19,2012,10,Erosão costeira,0,5,22,43,145,11,82.5
Rio Branco,AC,-9.9574,-67.806,2013-02-27,2013,2,Deslizamento de terra,2,16,93,185,577,32,311.3
Rio Branco,AC,-9.9574,-67.806,2013-03-28,2013,3,Alagamento,0,2,17,36,123,4,57.4
Rio Branco,AC,-9.9574,-67.806,2013-11-28,2013,11,Erosão costeira,4,15,102,192,576,26,293.3
Rio Branco,AC,-9.9574,-67.806,2017-11-21,2017,11,Tempestade,2,11,56,119,348,17,178.3
Rio Branco,AC,-9.9574,-67.806,2018-11-30,2018,11,Granizo,1,3,39,92,282,13,141.5
Rio Branco,AC,-9.9574,-67.806,2019-01-24,2019,1,Enchente,4,29,200,418,1285,69,693.7
Rio Branco,AC,-9.9574,-67.806,2019-03-11,2019,3,Deslizamento de terra,0,2,17,32,108,13,61.4
Rio Branco,AC,-9.9574,-67.806,2020-03-16,2020,3,Enchente,0,6,25,59,181,12,101.8
Rio Branco,AC,-9.9574,-67.806,2020-03-27,2020,3,Tempestade,0,4,19,37,133,6,61.1
Rio Branco,AC,-9.9574,-67.806,2020-12-09,2020,12,Deslizamento de terra,0,4,42,93,255,9,118.8
Rio Branco,AC,-9.9574,-67.806,2020-12-12,2020,12,Enxurrada,1,8,110,187,619,41,319.2
Rio Branco,AC,-9.9574,-67.806,2020-12-27,2020,12,Tempestade,3,16,89,163,534,30,271.2
Rio Branco,AC,-9.9574,-67.806,2021-02-27,2021,2,Vendaval,0,4,41,72,236,13,131.2
Rio Branco,AC,-9.9574,-67.806,2022-03-22,2022,3,Vendaval,0,12,132,239,815,52,443.2
Rio Branco,AC,-9.9574,-67.806,2022-12-13,2022,12,Alagamento,2,10,41,78,272,13,144.4
Rio Branco,AC,-9.9574,-67.806,2023-11-08,2023,11,Deslizamento de terra,2,23,142,293,941,46,475.7
Rio Branco,AC,-9.9574,-67.806,2023-11-10,2023,11,Alagamento,1,7,56,81,287,17,147.3
Rio Branco,AC,-9.9574,-67.806,2025-11-19,2025,11,Deslizamento de terra,3,16,86,124,470,27,239.2
Rio de Janeiro,RJ,-22.9068,-43.1729,2010-03-18,2010,3,Tempestade,0,6,76,134,429,21,221.9
Rio de Janeiro,RJ,-22.9068,-43.1729,2011-03-22,2011,3,Deslizamento de terra,1,0,29,74,237,13,105.1
Rio de Janeiro,RJ,-22.9068,-43.1729,2013-03-29,2013,3,Enxurrada,1,5,26,52,160,5,91.0
Rio de Janeiro,RJ,-22.9068,-43.1729,2013-07-01,2013,7,Granizo,0,2,19,49,141,7,71.0
Rio de Janeiro,RJ,-22.9068,-43.1729,2013-11-21,2013,11,Inundação brusca,0,1,25,30,110,3,58.1
Rio de Janeiro,RJ,-22.9068,-43.1729,2013-11-24,2013,11,Vendaval,0,5,36,88,286,17,159.6
Rio de Janeiro,RJ,-22.9068,-43.1729,2015-02-19,2015,2,Granizo,0,2,38,70,226,13,128.7
Rio de Janeiro,RJ,-22.9068,-43.1729,2015-12-26,2015,12,Deslizamento de terra,1,4,62,112,371,13,193.8
Rio de Janeiro,RJ,-22.9068,-43.1729,2016-02-24,2016,2,Inundação brusca,4,25,163,307,1051,51,538.4
Rio de Janeiro,RJ,-22.9068,-43.1729,2018-01-29,2018,1,Granizo,0,16,127,242,728,27,387.7
Rio de Janeiro,RJ,-22.9068,-43.1729,2018-02-07,2018,2,Enxurrada,0,1,26,39,116,4,58.7
Rio de Janeiro,RJ,-22.9068,-43.1729,2018-12-22,2018,12,Vendaval,2,9,65,143,427,18,238.8
Rio de Janeiro,RJ,-22.9068,-43.1729,2019-02-10,2019,2,Erosão costeira,0,5,54,108,364,20,184.2
Rio de Janeiro,RJ,-22.9068,-43.1729,2019-12-01,2019,12,Deslizamento de terra,1,2,18,42,135,2,73.8
Rio de Janeiro,RJ,-22.9068,-43.1729,2019-12-19,2019,12,Vendaval,2,19,184,336,1107,71,580.1
Rio de Janeiro,RJ,-22.9068,-43.1729,2021-02-01,2021,2,Granizo,2,7,68,153,485,24,245.1
Rio de Janeiro,RJ,-22.9068,-43.1729,2021-03-08,2021,3,Erosão costeira,1,7,73,146,462,19,235.5
Rio de Janeiro,RJ,-22.9068,-43.1729,2022-01-10,2022,1,Enchente,1,4,33,82,253,10,128.8
Rio de Janeiro,RJ,-22.9068,-43.1729,2022-03-22,2022,3,Vendaval,2,8,64,138,412,15,213.4
Rio de Janeiro,RJ,-22.9068,-43.1729,2023-02-25,2023,2,Enchente,1,5,50,83,302,18,170.8
Rio de Janeiro,RJ,-22.9068,-43.1729,2023-12-02,2023,12,Inundação brusca,2,21,100,217,670,33,358.8
Rio de Janeiro,RJ,-22.9068,-43.1729,2024-01-07,2024,1,Tempestade,4,6,76,143,474,26,255.2
Rio de Janeiro,RJ,-22.9068,-43.1729,2024-12-22,2024,12,Inundação brusca,1,2,15,29,95,11,53.0
Rio de Janeiro,RJ,-22.9068,-43.1729,2025-12-16,2025,12,Erosão costeira,2,5,41,79,265,9,138.3
Salvador,BA,-12.9714,-38.5014,2010-03-27,2010,3,Erosão costeira,3,22,132,268,810,49,434.8
Salvador,BA,-12.9714,-38.5014,2010-05-18,2010,5,Vendaval,3,20,116,171,621,42,326.1
Salvador,BA,-12.9714,-38.5014,2011-06-16,2011,6,Tempestade,0,6,26,56,191,13,120.0
Salvador,BA,-12.9714,-38.5014,2011-06-22,2011,6,Granizo,3,20,96,224,664,40,358.5
Salvador,BA,-12.9714,-38.5014,2011-07-04,2011,7,Alagamento,1,9,43,126,355,19,188.9
Salvador,BA,-12.9714,-38.5014,2011-09-27,2011,9,Deslizamento de terra,1,15,62,128,393,24,200.3
Salvador,BA,-12.9714,-38.5014,2012-04-01,2012,4,Tempestade,0,7,35,65,222,15,115.3
Salvador,BA,-12.9714,-38.5014,2012-07-21,2012,7,Erosão costeira,1,16,142,260,869,49,435.2
Salvador,BA,-12.9714,-38.5014,2015-04-19,2015,4,Alagamento,4,29,170,314,1019,70,552.4
Salvador,BA,-12.9714,-38.5014,2016-03-20,2016,3,Erosão costeira,1,9,74,154,517,21,264.3
Salvador,BA,-12.9714,-38.5014,2016-03-22,2016,3,Vendaval,3,8,142,246,828,45,414.4
Salvador,BA,-12.9714,-38.5014,2016-05-31,2016,5,Granizo,1,8,96,177,585,30,308.9
Salvador,BA,-12.9714,-38.5014,2017-03-08,2017,3,Enxurrada,1,5,35,77,202,16,99.1
Salvador,BA,-12.9714,-38.5014,2019-04-11,2019,4,Erosão costeira,2,10,42,89,295,10,155.5
Salvador,BA,-12.9714,-38.5014,2019-06-02,2019,6,Granizo,0,6,29,60,189,14,102.5
Salvador,BA,-12.9714,-38.5014,2020-05-09,2020,5,Enchente,0,9,53,90,283,9,159.0
Salvador,BA,-12.9714,-38.5014,2020-06-09,2020,6,Erosão costeira,0,1,19,45,123,2,53.7
Salvador,BA,-12.9714,-38.5014,2021-07-01,2021,7,Alagamento,3,15,76,167,569,27,310.1
Salvador,BA,-12.9714,-38.5014,2021-07-06,2021,7,Granizo,2,5,66,138,440,16,228.9
Salvador,BA,-12.9714,-38.5014,2022-05-02,2022,5,Tempestade,2,6,50,83,279,11,144.5
Salvador,BA,-12.9714,-38.5014,2022-07-04,2022,7,Granizo,0,4,26,62,184,14,97.1
Salvador,BA,-12.9714,-38.5014,2023-04-17,2023,4,Tempestade,1,11,60,115,402,24,214.0
Salvador,BA,-12.9714,-38.5014,2024-06-12,2024,6,Tempestade,4,9,64,139,440,17,241.0
Salvador,BA,-12.9714,-38.5014,2024-06-22,2024,6,Inundação brusca,1,9,53,116,345,27,190.8
Salvador,BA,-12.9714,-38.5014,2025-06-20,2025,6,Enxurrada,0,9,81,156,487,38,254.6
São Luís,MA,-2.5307,-44.3068,2012-01-04,2012,1,Inundação brusca,0,14,52,112,328,14,169.8
São Luís,MA,-2.5307,-44.3068,2012-02-11,2012,2,Alagamento,0,1,31,57,183,4,87.0
São Luís,MA,-2.5307,-44.3068,2014-02-13,2014,2,Deslizamento de terra,0,1,25,53,164,13,76.9
São Luís,MA,-2.5307,-44.3068,2015-01-06,2015,1,Alagamento,2,17,77,133,438,21,231.3
São Luís,MA,-2.5307,-44.3068,2015-01-13,2015,1,Vendaval,0,2,19,49,143,6,82.1
São Luís,MA,-2.5307,-44.3068,2015-02-09,2015,2,Erosão costeira,3,7,69,158,468,28,239.1
São Luís,MA,-2.5307,-44.3068,2015-02-19,2015,2,Inundação brusca,2,21,143,270,901,62,499.2
São Luís,MA,-2.5307,-44.3068,2015-03-30,2015,3,Alagamento,0,6,38,47,202,11,110.3
São Luís,MA,-2.5307,-44.3068,2016-01-31,2016,1,Erosão costeira,0,4,20,44,151,8,77.3
São Luís,MA,-2.5307,-44.3068,2016-02-25,2016,2,Erosão costeira,1,3,22,43,157,5,83.1
São Luís,MA,-2.5307,-44.3068,2016-03-30,2016,3,Erosão costeira,0,11,80,115,407,21,233.2
São Luís,MA,-2.5307,-44.3068,2018-02-08,2018,2,Enxurrada,4,23,215,433,1432,88,782.0
São Luís,MA,-2.5307,-44.3068,2018-05-05,2018,5,Deslizamento de terra,2,8,82,149,482,30,264.5
São Luís,MA,-2.5307,-44.3068,2018-05-13,2018,5,Tempestade,1,13,108,165,554,25,298.2
São Luís,MA,-2.5307,-44.3068,2019-01-15,2019,1,Alagamento,1,3,32,64,187,15,102.9
São Luís,MA,-2.5307,-44.3068,2019-04-20,2019,4,Vendaval,1,3,32,46,157,8,69.1
São Luís,MA,-2.5307,-44.3068,2019-04-27,2019,4,Alagamento,2,14,108,210,650,31,319.3
São Luís,MA,-2.5307,-44.3068,2020-02-29,2020,2,Tempestade,3,8,104,190,620,34,320.3
São Luís,MA,-2.5307,-44.3068,2021-01-17,2021,1,Granizo,0,3,27,40,140,3,72.3
São Luís,MA,-2.5307,-44.3068,2022-01-29,2022,1,Erosão costeira,0,5,41,84,277,15,134.6
São Luís,MA,-2.5307,-44.3068,2022-04-09,2022,4,Inundação brusca,5,17,119,250,816,55,443.2
São Luís,MA,-2.5307,-44.3068,2022-04-30,2022,4,Inundação brusca,0,6,36,68,206,9,102.4
São Luís,MA,-2.5307,-44.3068,2022-05-12,2022,5,Granizo,2,6,47,118,365,20,200.7
São Luís,MA,-2.5307,-44.3068,2025-03-08,2025,3,Vendaval,2,0,26,45,130,15,65.7
São Paulo,SP,-23.5505,-46.6333,2010-03-12,2010,3,Inundação brusca,0,5,61,93,333,11,169.6
São Paulo,SP,-23.5505,-46.6333,2010-03-14,2010,3,Granizo,0,11,68,155,487,19,247.7
São Paulo,SP,-23.5505,-46.6333,2010-11-15,2010,11,Granizo,5,13,113,213,694,35,346.3
São Paulo,SP,-23.5505,-46.6333,2011-02-14,2011,2,Erosão costeira,0,3,28,64,202,11,108.0
São Paulo,SP,-23.5505,-46.6333,2011-12-22,2011,12,Tempestade,0,1,15,43,155,12,84.3
São Paulo,SP,-23.5505,-46.6333,2012-03-05,2012,3,Tempestade,0,4,62,123,384,19,212.4
São Paulo,SP,-23.5505,-46.6333,2013-03-15,2013,3,Tempestade,3,5,30,64,206,15,117.1
São Paulo,SP,-23.5505,-46.6333,2014-12-17,2014,12,Alagamento,1,4,43,58,212,12,118.4
São Paulo,SP,-23.5505,-46.6333,2015-01-10,2015,1,Deslizamento de terra,0,3,23,36,139,6,62.5
São Paulo,SP,-23.5505,-46.6333,2015-12-02,2015,12,Alagamento,3,14,104,210,650,33,353.5
São Paulo,SP,-23.5505,-46.6333,2016-01-03,2016,1,Granizo,1,8,50,107,305,13,159.9
São Paulo,SP,-23.5505,-46.6333,2016-11-21,2016,11,Deslizamento de terra,1,6,37,70,217,12,128.6
São Paulo,SP,-23.5505,-46.6333,2017-01-26,2017,1,Inundação brusca,0,3,18,47,149,7,85.9
São Paulo,SP,-23.5505,-46.6333,2019-01-27,2019,1,Enchente,1,6,78,141,489,18,240.1
São Paulo,SP,-23.5505,-46.6333,2019-03-12,2019,3,Alagamento,3,28,116,212,748,41,408.5
São Paulo,SP,-23.5505,-46.6333,2019-03-18,2019,3,Alagamento,3,16,164,309,1001,54,487.2
São Paulo,SP,-23.5505,-46.6333,2019-11-29,2019,11,Erosão costeira,0,8,55,99,345,14,187.4
São Paulo,SP,-23.5505,-46.6333,2020-03-31,2020,3,Tempestade,0,0,25,34,117,7,58.5
São Paulo,SP,-23.5505,-46.6333,2020-12-25,2020,12,Inundação brusca,3,9,74,152,495,26,254.9
São Paulo,SP,-23.5505,-46.6333,2022-01-02,2022,1,Tempestade,2,5,39,67,220,5,104.0
São Paulo,SP,-23.5505,-46.6333,2022-01-28,2022,1,Deslizamento de terra,3,14,77,159,492,37,267.9
São Paulo,SP,-23.5505,-46.6333,2022-02-18,2022,2,Alagamento,0,9,46,81,290,18,153.3
São Paulo,SP,-23.5505,-46.6333,2022-04-08,2022,4,Tempestade,0,1,24,56,180,8,95.8
São Paulo,SP,-23.5505,-46.6333,2023-01-01,2023,1,Alagamento,5,23,191,378,1244,64,661.2
São Paulo,SP,-23.5505,-46.6333,2023-01-11,2023,1,Granizo,1,6,40,94,283,16,151.4
São Paulo,SP,-23.5505,-46.6333,2023-03-10,2023,3,Enchente,0,3,41,83,253,14,133.5
São Paulo,SP,-23.5505,-46.6333,2023-12-20,2023,12,Tempestade,1,5,62,107,326,11,173.0
São Paulo,SP,-23.5505,-46.6333,2023-12-21,2023,12,Enxurrada,3,17,151,295,917,50,450.1
São Paulo,SP,-23.5505,-46.6333,2024-01-23,2024,1,Inundação brusca,0,9,68,138,432,26,229.8
São Paulo,SP,-23.5505,-46.6333,2024-02-07,2024,2,Enchente,2,12,86,228,673,34,360.1
São Paulo,SP,-23.5505,-46.6333,2024-11-13,2024,11,Tempestade,3,7,73,128,415,27,223.8
São Paulo,SP,-23.5505,-46.6333,2024-11-16,2024,11,Enxurrada,3,9,62,131,385,18,175.4
São Paulo,SP,-23.5505,-46.6333,2024-12-24,2024,12,Enxurrada,2,23,137,306,957,49,502.4
São Paulo,SP,-23.5505,-46.6333,2024-12-26,2024,12,Inundação brusca,3,10,65,116,419,24,218.6
São Paulo,SP,-23.5505,-46.6333,2025-12-31,2025,12,Tempestade,1,7,67,115,394,27,198.8
Teresina,PI,-5.0892,-42.8019,2011-03-18,2011,3,Enchente,3,37,250,463,1498,82,808.6
Teresina,PI,-5.0892,-42.8019,2011-04-02,2011,4,Erosão costeira,2,5,66,126,394,14,199.8
Teresina,PI,-5.0892,-42.8019,2011-04-14,2011,4,Deslizamento de terra,0,2,20,50,142,10,88.6
Teresina,PI,-5.0892,-42.8019,2011-04-23,2011,4,Enxurrada,1,14,79,163,531,31,278.6
Teresina,PI,-5.0892,-42.8019,2012-02-21,2012,2,Tempestade,3,13,126,254,830,57,432.2
Teresina,PI,-5.0892,-42.8019,2012-03-20,2012,3,Erosão costeira,0,12,70,151,459,23,227.9
Teresina,PI,-5.0892,-42.8019,2013-02-02,2013,2,Erosão costeira,0,7,53,75,290,10,145.4
Teresina,PI,-5.0892,-42.8019,2013-03-03,2013,3,Erosão costeira,3,5,53,85,307,11,162.6
Teresina,PI,-5.0892,-42.8019,2014-02-02,2014,2,Granizo,2,8,46,78,245,14,133.0
Teresina,PI,-5.0892,-42.8019,2014-02-09,2014,2,Enchente,0,6,34,67,246,14,128.8
Teresina,PI,-5.0892,-42.8019,2014-03-03,2014,3,Enxurrada,4,5,64,147,423,25,246.7
Teresina,PI,-5.0892,-42.8019,2015-03-20,2015,3,Tempestade,1,10,59,115,384,29,208.5
Teresina,PI,-5.0892,-42.8019,2017-03-02,2017,3,Erosão costeira,1,3,30,120,317,24,173.3
Teresina,PI,-5.0892,-42.8019,2018-02-04,2018,2,Deslizamento de terra,5,16,93,170,555,27,305.9
Teresina,PI,-5.0892,-42.8019,2018-04-05,2018,4,Deslizamento de terra,3,14,88,181,569,42,299.2
Teresina,PI,-5.0892,-42.8019,2019-01-24,2019,1,Vendaval,1,6,40,101,274,12,143.1
Teresina,PI,-5.0892,-42.8019,2019-02-02,2019,2,Erosão costeira,3,12,114,197,667,43,348.2
Teresina,PI,-5.0892,-42.8019,2019-03-17,2019,3,Deslizamento de terra,2,23,98,206,652,33,341.7
Teresina,PI,-5.0892,-42.8019,2019-04-07,2019,4,Enxurrada,0,7,38,94,251,20,131.3
Teresina,PI,-5.0892,-42.8019,2019-04-25,2019,4,Enchente,0,7,49,77,287,11,156.8
Teresina,PI,-5.0892,-42.8019,2020-03-23,2020,3,Enchente,0,10,61,110,378,15,189.0
Teresina,PI,-5.0892,-42.8019,2020-04-11,2020,4,Tempestade,6,8,74,136,434,27,226.9
Teresina,PI,-5.0892,-42.8019,2021-03-20,2021,3,Deslizamento de terra,0,4,22,55,175,12,94.6
Teresina,PI,-5.0892,-42.8019,2023-04-02,2023,4,Alagamento,0,4,42,73,254,12,134.4
Teresópolis,RJ,-22.4125,-42.9658,2010-02-01,2010,2,Deslizamento de terra,0,6,32,74,204,9,116.7
Teresópolis,RJ,-22.4125,-42.9658,2010-02-28,2010,2,Inundação brusca,1,3,26,70,195,5,100.0
Teresópolis,RJ,-22.4125,-42.9658,2010-06-01,2010,6,Vendaval,0,8,30,73,206,9,109.9
Teresópolis,RJ,-22.4125,-42.9658,2011-01-13,2011,1,Alagamento,1,5,95,201,623,34,345.0
Teresópolis,RJ,-22.4125,-42.9658,2011-02-19,2011,2,Inundação brusca,1,21,94,196,640,43,349.2
Teresópolis,RJ,-22.4125,-42.9658,2012-03-26,2012,3,Vendaval,0,9,67,102,382,16,217.3
Teresópolis,RJ,-22.4125,-42.9658,2012-05-18,2012,5,Erosão costeira,0,3,16,43,112,8,66.1
Teresópolis,RJ,-22.4125,-42.9658,2012-12-12,2012,12,Erosão costeira,0,14,124,208,707,44,362.8
Teresópolis,RJ,-22.4125,-42.9658,2013-01-08,2013,1,Tempestade,2,4,57,130,375,20,193.2
Teresópolis,RJ,-22.4125,-42.9658,2013-03-31,2013,3,Vendaval,4,7,87,169,561,27,293.5
Teresópolis,RJ,-22.4125,-42.9658,2013-12-13,2013,12,Tempestade,2,11,71,180,490,33,268.2
Teresópolis,RJ,-22.4125,-42.9658,2014-01-28,2014,1,Enxurrada,0,3,36,56,186,9,92.7
Teresópolis,RJ,-22.4125,-42.9658,2014-03-22,2014,3,Deslizamento de terra,2,12,82,158,508,29,281.9
Teresópolis,RJ,-22.4125,-42.9658,2014-12-09,2014,12,Alagamento,2,4,41,118,337,25,187.0
Teresópolis,RJ,-22.4125,-42.9658,2015-01-30,2015,1,Alagamento,0,7,54,79,290,18,148.4
Teresópolis,RJ,-22.4125,-42.9658,2015-03-03,2015,3,Tempestade,2,9,80,165,492,23,256.8
Teresópolis,RJ,-22.4125,-42.9658,2015-12-01,2015,12,Deslizamento de terra,1,13,127,287,821,35,423.0
Teresópolis,RJ,-22.4125,-42.9658,2015-12-26,2015,12,Enchente,2,7,25,56,187,11,102.7
Teresópolis,RJ,-22.4125,-42.9658,2016-03-23,2016,3,Alagamento,3,8,87,226,670,45,351.2
Teresópolis,RJ,-22.4125,-42.9658,2016-08-18,2016,8,Enchente,0,4,28,52,173,4,90.4
Teresópolis,RJ,-22.4125,-42.9658,2017-01-05,2017,1,Inundação brusca,4,15,130,250,848,45,423.9
Teresópolis,RJ,-22.4125,-42.9658,2018-02-03,2018,2,Deslizamento de terra,0,4,24,72,208,7,101.8
Teresópolis,RJ,-22.4125,-42.9658,2019-03-28,2019,3,Enchente,1,10,72,159,514,24,268.2
Teresópolis,RJ,-22.4125,-42.9658,2020-04-10,2020,4,Enxurrada,1,7,41,96,270,15,137.5
Teresópolis,RJ,-22.4125,-42.9658,2020-12-31,2020,12,Vendaval,1,10,92,173,566,27,287.5
Teresópolis,RJ,-22.4125,-42.9658,2021-02-16,2021,2,Erosão costeira,0,4,29,75,240,13,135.0
Teresópolis,RJ,-22.4125,-42.9658,2021-12-16,2021,12,Erosão costeira,1,10,69,137,433,20,230.4
Teresópolis,RJ,-22.4125,-42.9658,2022-11-15,2022,11,Tempestade,0,10,33,68,224,19,118.6
Teresópolis,RJ,-22.4125,-42.9658,2023-03-21,2023,3,Enxurrada,1,5,28,64,196,15,106.4
Teresópolis,RJ,-22.4125,-42.9658,2023-11-13,2023,11,Alagamento,0,22,116,285,915,31,473.6
Teresópolis,RJ,-22.4125,-42.9658,2023-12-24,2023,12,Tempestade,3,13,105,171,604,31,341.3
Teresópolis,RJ,-22.4125,-42.9658,2024-01-22,2024,1,Tempestade,5,11,77,188,563,28,278.3
Teresópolis,RJ,-22.4125,-42.9658,2024-02-29,2024,2,Erosão costeira,0,7,38,97,296,19,149.4
Teresópolis,RJ,-22.4125,-42.9658,2024-03-15,2024,3,Deslizamento de terra,2,10,48,96,291,17,156.3
Teresópolis,RJ,-22.4125,-42.9658,2024-11-19,2024,11,Alagamento,4,45,425,769,2630,124,1339.4
Teresópolis,RJ,-22.4125,-42.9658,2025-02-14,2025,2,Tempestade,0,1,26,45,160,15,79.2
Teresópolis,RJ,-22.4125,-42.9658,2025-12-26,2025,12,Alagamento,0,7,49,88,319,24,179.1
Vitória,ES,-20.3155,-40.3128,2010-12-14,2010,12,Vendaval,2,20,152,307,978,48,496.8
Vitória,ES,-20.3155,-40.3128,2010-12-22,2010,12,Deslizamento de terra,1,11,111,171,555,30,298.5
Vitória,ES,-20.3155,-40.3128,2010-12-23,2010,12,Inundação brusca,1,3,16,34,110,5,57.6
Vitória,ES,-20.3155,-40.3128,2011-03-02,2011,3,Alagamento,1,5,51,108,340,24,184.2
Vitória,ES,-20.3155,-40.3128,2011-10-09,2011,10,Enchente,1,3,28,42,146,4,71.8
Vitória,ES,-20.3155,-40.3128,2011-11-17,2011,11,Tempestade,0,9,56,135,408,24,210.5
Vitória,ES,-20.3155,-40.3128,2012-01-07,2012,1,Enchente,0,4,19,35,130,5,63.3
Vitória,ES,-20.3155,-40.3128,2012-12-10,2012,12,Deslizamento de terra,0,4,20,48,152,14,80.7
Vitória,ES,-20.3155,-40.3128,2013-02-16,2013,2,Enxurrada,3,25,155,339,986,49,507.8
Vitória,ES,-20.3155,-40.3128,2013-11-11,2013,11,Enchente,3,14,96,191,676,37,359.4
Vitória,ES,-20.3155,-40.3128,2014-12-30,2014,12,Tempestade,0,2,31,45,170,9,88.2
Vitória,ES,-20.3155,-40.3128,2015-03-18,2015,3,Tempestade,2,11,81,157,540,31,296.6
Vitória,ES,-20.3155,-40.3128,2016-12-17,2016,12,Erosão costeira,1,4,50,92,293,17,146.5
Vitória,ES,-20.3155,-40.3128,2017-02-18,2017,2,Deslizamento de terra,0,2,19,22,107,3,62.5
Vitória,ES,-20.3155,-40.3128,2017-11-10,2017,11,Erosão costeira,1,20,147,251,860,30,429.4
Vitória,ES,-20.3155,-40.3128,2018-01-10,2018,1,Tempestade,6,26,156,321,1007,51,538.9
Vitória,ES,-20.3155,-40.3128,2018-01-17,2018,1,Vendaval,2,6,31,78,228,11,133.6
Vitória,ES,-20.3155,-40.3128,2018-03-31,2018,3,Tempestade,2,10,60,141,437,24,234.2
Vitória,ES,-20.3155,-40.3128,2018-08-30,2018,8,Inundação brusca,2,12,52,119,331,18,176.6
Vitória,ES,-20.3155,-40.3128,2018-12-28,2018,12,Inundação brusca,1,11,61,68,317,17,170.0
Vitória,ES,-20.3155,-40.3128,2020-03-14,2020,3,Erosão costeira,0,6,67,129,425,25,225.0
Vitória,ES,-20.3155,-40.3128,2020-03-18,2020,3,Erosão costeira,4,13,104,234,715,29,368.3
Vitória,ES,-20.3155,-40.3128,2021-03-23,2021,3,Deslizamento de terra,2,5,25,66,192,5,90.5
Vitória,ES,-20.3155,-40.3128,2022-09-24,2022,9,Enxurrada,1,7,43,91,314,16,141.8
Vitória,ES,-20.3155,-40.3128,2022-11-09,2022,11,Vendaval,0,4,38,76,251,23,132.2
Vitória,ES,-20.3155,-40.3128,2022-11-11,2022,11,Granizo,0,6,27,59,162,6,80.8
Vitória,ES,-20.3155,-40.3128,2022-12-05,2022,12,Tempestade,1,5,45,108,364,23,194.2
Vitória,ES,-20.3155,-40.3128,2023-01-06,2023,1,Enxurrada,0,3,46,96,271,15,146.2
Vitória,ES,-20.3155,-40.3128,2023-03-11,2023,3,Deslizamento de terra,5,11,77,139,449,28,245.7
Vitória,ES,-20.3155,-40.3128,2024-01-28,2024,1,Alagamento,0,4,13,40,131,5,70.6
Vitória,ES,-20.3155,-40.3128,2024-03-28,2024,3,Enxurrada,0,12,75,122,433,24,223.9
Vitória,ES,-20.3155,-40.3128,2025-01-16,2025,1,Tempestade,1,8,99,199,596,37,333.1
Vitória,ES,-20.3155,-40.3128,2025-12-20,2025,12,Enxurrada,1,10,41,52,196,8,110.7
Petrópolis,RJ,-22.5096,-43.1796,2022-02-15,2022,2,Deslizamento de terra,233,400,2800,8000,25000,500,258.0
Nova Friburgo,RJ,-22.2823,-42.5311,2011-01-12,2011,1,Deslizamento de terra,428,300,15000,22000,80000,1500,280.0
Teresópolis,RJ,-22.4125,-42.9658,2011-01-12,2011,1,Enxurrada,385,250,12000,18000,60000,1200,263.0
Porto Alegre,RS,-30.0346,-51.2177,2024-05-03,2024,5,Enchente,147,806,70000,380000,2300000,2500,320.0
Blumenau,SC,-26.9195,-49.0661,2023-11-18,2023,11,Enxurrada,14,45,3500,9000,40000,300,198.0
Recife,PE,-8.0476,-34.877,2022-05-28,2022,5,Deslizamento de terra,128,320,8000,16000,120000,980,233.0
